Relator,Name,Number of Generators,Torsion,Abelianisation,Small Cancellation,Center,Geometric,Manifold,Knot,Link Exterior,Further Information,References
,Trivial group,0,False,Z^0,True,<>,True,,,,,
aa,C_2,1,a,Z^0+Z/2Z,True,<a>,True,,,,"Finite, abelian",
aaa,C_3,1,a,Z^0+Z/3Z,True,<a>,True,,,,"Finite Cyclic, abelian",
aaaa,C_4,1,a,Z^0+Z/4Z,True,<a>,True,,,,"Finite, abelian",
aabb,"BS(1,-1)",2,False,Z^1+Z/2Z,False,<bb>,True,,,,Fundamental group of Klein bottle,
abAB,"BS(1,1)",2,False,Z^2,False,"<a,b>",True,,,,"Fundamental group of torus, abelian",
aaaaa,C_5,1,a,Z^0+Z/5Z,True,<a>,True,,,,"Finite, abelian",
aaabb,"T(3,2)",2,False,Z^1,False,<bb>,True,,,,"Fundamental group of trefoil knot complement, three strand braid group",
aabaB,"BS(1,-2)",2,False,Z^1+Z/3Z,False,<>,False,,,,,
aabAB,"BS(1,2)",2,False,Z^1,False,<>,False,,,,,
aaaaaa,C_6,1,a,Z^0+Z/6Z,True,<a>,True,,,,"Finite, abelian",
aaaabb,,2,False,Z^1+Z/2Z,False,<bb>,True,,,,,
aaabaB,"BS(1,-3)",2,False,Z^1+Z/4Z,False,<>,False,,,,,
aaabbb,,2,False,Z^1+Z/3Z,False,<bbb>,True,,,,,
aaabAB,"BS(1,3)",2,False,Z^1+Z/2Z,False,<>,False,,,,,
aabaaB,"BS(2,-2)",2,False,Z^1+Z/4Z,False,<>,,,,,,
aabaBB,,2,False,Z^1,False,<>,False,,,,"Free-by-cyclic: <a,b,c,t|taT=b,tbT=c,tcT=Ac>",
aabbaB,,2,False,Z^1,False,<>,False,,,,"Free-by-cyclic: <a,b,c,t|taT=b,tbT=c,tcT=bA>",
aabbAB,,2,False,Z^1,False,<>,False,,,,"Free-by-cylic: <a,b,t|taT=b,tbT=ab>",
aabAAB,"BS(2,2)",2,False,Z^2,False,<aa>,,9^2_43,,9^2_43,,
aabbcc,\pi_1(N_3),3,False,Z^2+Z/2Z,False,<>,True,,,,Fundamental group of non-orientable surface of genus 3,
aaaaaaa,C_7,1,a,Z^0+Z/7Z,True,<a>,True,,,,"Finite, abelian",
aaaaabb,"T(5,2)",2,False,Z^1,False,<bb>,True,5_1,,5_1,,
aaaabaB,"BS(1,-4)",2,False,Z^1+Z/5Z,False,<>,False,,,,,
aaaabbb,"T(4,3)",2,False,Z^1,False,<bbb>,True,8_19,,8_19,,
aaaabAB,"BS(1,4)",2,False,Z^1+Z/3Z,False,<>,,,,,,
aaabaaB,"BS(2,-3)",2,False,Z^1+Z/5Z,False,<>,False,,,,,
aaabaBB,,2,False,Z^1,False,<>,False,,,,"Free-by-cyclic: <a,b,c,d,t|taT=b,tbT=c,tcT=d,tdT=ad>",
aaabbaB,,2,False,Z^1,False,<>,False,,,,"Free-by-cyclic: <a,b,c,d,t|taT=b,tbT=c,tcT=d,tdT=bA>",
aaabbAb,,2,False,Z^1,False,<>,False,,,,"Free-by-cyclic: <a,b,c,d,e,t|taT=b,tbT=c,tcT=d,tdT=e,teT=ebAD>",
aaabbAB,,2,False,Z^1,False,<>,False,,,,"Free-by-cyclic: <a,b,c,t|taT=b,tbT=c,tcT=aB>",
aaabAbb,,2,False,Z^1,False,<>,False,,,,"Free-by-cyclic: <a,b,c,d,e,t|taT=b,tbT=c,tcT=d,tdT=e,teT=ebAC>",
aaabAAB,"BS(2,3)",2,False,Z^1,False,<>,False,,,,,
aaabABB,,2,False,Z^1,False,<>,False,,,,"Free-by-cyclic: <a,b,c,t|taT=b,tbT=c,tcT=ac>",
aabaaBB,,2,False,Z^1,False,<>,True,,,,"Free-by-cyclic: <a,b,c,d,t|taT=b,tbT=c,tcT=d,tdT=Ac>",
aabbaBB,,2,False,Z^1+Z/3Z,False,<>,False,,,,,
aabbAAB,,2,False,Z^1,False,<>,False,,,,,
aaabbcc,,3,False,Z^2,False,<>,True,,,,,
aaabcBC,,3,False,Z^2+Z/3Z,False,<>,True,,,,,
aabacbc,,3,False,Z^2,True,<>,False,,,,,
abacaCB,,3,False,Z^2+Z/3Z,True,<>,True,,,,,
abacACB,,3,False,Z^2,True,<>,True,,,,,
aaaaaaaa,C_8,1,a,Z^0+Z/8Z,True,<a>,True,,,,"Finite, abelian",
aaaaaabb,,2,False,Z^1+Z/2Z,False,<bb>,True,,,,,
aaaaabaB,"BS(1,-5)",2,False,Z^1+Z/6Z,False,<>,False,,,,,
aaaaabbb,"T(5,3)",2,False,Z^1,False,<bbb>,True,10_124,,10_124,,
aaaaabAB,"BS(1,5)",2,False,Z^1+Z/4Z,False,<>,False,,,,,
aaaabaaB,"BS(2,-4)",2,False,Z^1+Z/6Z,False,<>,False,,,,,
aaaabaBB,,2,False,Z^1,False,<>,False,,,,,
aaaabbaB,,2,False,Z^1,False,<>,False,,,,,
aaaabbbb,,2,False,Z^1+Z/4Z,False,<bbbb>,True,,,,,
aaaabbAb,,2,False,Z^1+Z/3Z,False,<>,False,,,,,
aaaabbAB,,2,False,Z^1,False,<>,False,,,,,
aaaabAbb,,2,False,Z^1+Z/3Z,False,<>,False,,,,,
aaaabAAB,"BS(2,4)",2,False,Z^1+Z/2Z,False,<>,False,,,,,
aaaabABB,,2,False,Z^1,False,<>,False,,,,,
aaabaaaB,"BS(3,-3)",2,False,Z^1+Z/6Z,False,<>,,,,,,
aaabaaBB,,2,False,Z^1,False,<>,False,,,,,
aaababbb,,2,False,Z^1+Z/4Z,False,<>,False,,,,,
aaabaBBB,,2,False,Z^1+Z/2Z,False,<>,False,,,,,
aaabbaaB,,2,False,Z^1,False,<>,False,,,,,
aaabbabb,,2,False,Z^1+Z/4Z,False,<>,True,,,,,
aaabbaBB,,2,False,Z^1+Z/4Z,False,<>,False,,,,,
aaabbbaB,,2,False,Z^1+Z/2Z,False,<>,False,,,,,
aaabbbAB,,2,False,Z^1+Z/2Z,False,<>,False,,,,,
aaabbAbb,,2,False,Z^1+Z/2Z,False,<>,True,,,,,
aaabbAAb,,2,False,Z^1,False,<>,False,,,,,
aaabbAAB,,2,False,Z^1,False,<>,False,,,,,
aaabbABB,,2,False,Z^1+Z/2Z,False,<>,False,,,,,
aaabAAbb,,2,False,Z^1,False,<>,False,,,,,
aaabAAAB,"BS(3,3)",2,False,Z^2,False,<aaa>,,9^2_49,,9^2_49,,
aaabAABB,,2,False,Z^1,False,<>,False,,,,,
aababbaB,,2,False,Z^1+Z/2Z,False,<>,False,,,,,
aababbAB,,2,False,Z^1+Z/2Z,False,<>,False,,,,,
aababAbb,,2,False,Z^1+Z/2Z,False,<>,False,,,,,
aabaBabb,,2,False,Z^1+Z/2Z,False,<>,False,,,,,
aabaBaBB,,2,False,Z^1+Z/2Z,False,<>,False,,,,,
aabaBAbb,,2,False,Z^1+Z/2Z,False,<>,False,,,,,
aabbaabb,,2,aabb,Z^1+Z/4Z,False,<>,False,,,,,
aabbaaBB,,2,False,Z^1+Z/4Z,False,<>,False,,,,,
aabbaBAb,,2,False,Z^1+Z/2Z,False,<>,False,,,,,
aabbAABB,,2,False,Z^2,False,<>,True,,,,,
aabbABAB,,2,False,Z^2,False,<>,False,,,,,
aabABBAb,,2,False,Z^2,False,<>,True,,,,,
abABabAB,,2,abAB,Z^2,False,<>,False,,,,,
aaaabbcc,,3,False,Z^2+Z/2Z,False,<>,True,,,,,
aaaabcBC,,3,False,Z^2+Z/4Z,False,<>,True,,,,,
aaabacbc,,3,False,Z^2+Z/2Z,False,<>,,,,,,
aaabbbcc,,3,False,Z^2,False,<>,True,,,,,
aaabbcbC,,3,False,Z^2+Z/3Z,False,<>,False,,,,,
aaabbcBC,,3,False,Z^2,False,<>,False,,,,,
aabaacbc,,3,False,Z^2+Z/2Z,False,<>,,,,,,
aabacaCB,,3,False,Z^2+Z/4Z,True,<>,,,,,,
aabacbcc,,3,False,Z^2,True,<>,False,,,,,
aabacbCB,,3,False,Z^2,True,<>,False,,,,,
aabaccBC,,3,False,Z^2,True,<>,True,,,,,
aabacACB,,3,False,Z^2+Z/2Z,True,<>,,,,,,
aabacBCB,,3,False,Z^2,True,<>,False,,,,,
aabacBCC,,3,False,Z^2,True,<>,True,,,,,
aabcbCAb,,3,False,Z^2,True,<>,True,,,,,
aabcbCAB,,3,False,Z^2,True,<>,False,,,,,
aabcBCAb,,3,False,Z^2,True,<>,True,,,,,
aabcBCAc,,3,False,Z^2,True,<>,False,,,,,
aabbccdd,\pi_1(N_4),4,False,Z^3+Z/2Z,True,<>,True,,,,,
abcdABCD,\pi_1(\Sigma_2),4,False,Z^4,True,<>,True,,,,,
aaaaaaaaa,C_9,1,a,Z^0+Z/9Z,False,<a>,True,,,,"Finite, abelian",
aaaaaaabb,"T(7,2)",2,False,Z^1,False,<bb>,True,7_1,,7_1,,
aaaaaabaB,"BS(1,-6)",2,False,Z^1+Z/7Z,False,<>,False,,,,,
aaaaaabbb,,2,False,Z^1+Z/3Z,False,<aaaaaa>,True,,,,,
aaaaaabAB,"BS(1,6)",2,False,Z^1+Z/5Z,False,<>,False,,,,,
aaaaabaaB,"BS(2,-5)",2,False,Z^1+Z/7Z,False,<>,False,,,,,
aaaaabaBB,,2,False,Z^1,False,<>,False,,,,,
aaaaabbaB,,2,False,Z^1,False,<>,False,,,,,
aaaaabbbb,"T(5,4)",2,False,Z^1,False,<bbbb>,True,,,,,
aaaaabbAb,,2,False,Z^1,False,<>,False,,,,,
aaaaabbAB,,2,False,Z^1,False,<>,False,,,,,
aaaaabAbb,,2,False,Z^1,False,<>,False,,,,,
aaaaabAAB,"BS(2,5)",2,False,Z^1+Z/3Z,False,<>,False,,,,,
aaaaabABB,,2,False,Z^1,False,<>,False,,,,,
aaaabaaaB,"BS(3,-4)",2,False,Z^1+Z/7Z,False,<>,False,,,,,
aaaabaaBB,,2,False,Z^1,False,<>,False,,,,,
aaaababbb,,2,False,Z^1,False,<>,False,,,,,
aaaabaBBB,,2,False,Z^1,False,<>,False,,,,,
aaaabbaaB,,2,False,Z^1,False,<>,False,,,,,
aaaabbabb,,2,False,Z^1,False,<>,True,,,,,
aaaabbaBB,,2,False,Z^1+Z/5Z,False,<>,False,,,,,
aaaabbbab,,2,False,Z^1,False,<>,False,,,,,
aaaabbbaB,,2,False,Z^1,False,<>,False,,,,,
aaaabbbAb,,2,False,Z^1,False,<>,False,,,,,
aaaabbbAB,,2,False,Z^1,False,<>,False,,,,,
aaaabbAbb,,2,False,Z^1,False,<>,True,,,,,
aaaabbAAb,,2,False,Z^1,False,<>,False,,,,,
aaaabbAAB,,2,False,Z^1,False,<>,False,,,,,
aaaabbABB,,2,False,Z^1+Z/3Z,False,<>,False,,,,,
aaaabAbbb,,2,False,Z^1,False,<>,False,,,,,
aaaabAAbb,,2,False,Z^1,False,<>,False,,,,,
aaaabAAAB,"BS(3,4)",2,False,Z^1,False,<>,False,,,,,
aaaabAABB,,2,False,Z^1,False,<>,False,,,,,
aaaabABBB,,2,False,Z^1,False,<>,False,,,,,
aaabaaaBB,,2,False,Z^1,False,<>,True,,,,,
aaabaabbb,,2,False,Z^1,False,<>,False,,,,,
aaabaaBBB,,2,False,Z^1,False,<>,False,,,,,
aaababaBB,,2,False,Z^1+Z/5Z,False,<>,False,,,,,
aaababbaB,,2,False,Z^1,False,<>,False,,,,,
aaababbAb,,2,False,Z^1,False,<>,False,,,,,
aaababbAB,,2,False,Z^1,False,<>,False,,,,,
aaababAbb,,2,False,Z^1,False,<>,False,,,,,
aaababABB,,2,False,Z^1+Z/3Z,False,<>,False,,,,,
aaabaBabb,,2,False,Z^1,False,<>,False,,,,,
aaabaBaBB,,2,False,Z^1,False,<>,False,,,,,
aaabaBAbb,,2,False,Z^1,False,<>,False,,,,,
aaabaBABB,,2,False,Z^1,False,<>,False,,,,,
aaabaBBab,,2,False,Z^1+Z/5Z,False,<>,True,m003,,,,
aaabaBBAb,,2,False,Z^1+Z/3Z,False,<>,False,,,,,
aaabbaabb,,2,False,Z^1,False,<bb>,True,,,,,"Minimum Volume Hypebolic 3-manifolds, Peter Milley"
aaabbaaBB,,2,False,Z^1+Z/5Z,False,<>,False,,,,,
aaabbabaB,,2,False,Z^1,False,<>,False,,,,,
aaabbabbb,,2,False,Z^1,False,<>,False,,,,,
aaabbabAb,,2,False,Z^1,False,<>,False,,,,,
aaabbabAB,,2,False,Z^1,False,<>,False,,,,,
aaabbaBab,,2,False,Z^1,False,<>,False,,,,,
aaabbaBAb,,2,False,Z^1,False,<>,False,,,,,
aaabbaBAB,,2,False,Z^1+Z/3Z,False,<>,False,,,,,
aaabbaBBB,,2,False,Z^1,False,<>,False,,,,,
aaabbbaaB,,2,False,Z^1,False,<>,False,,,,,
aaabbbaBB,,2,False,Z^1,False,<>,False,,,,,
aaabbbAAB,,2,False,Z^1,False,<>,False,,,,,
aaabbbABB,,2,False,Z^1,False,<>,False,,,,,
aaabbAbab,,2,False,Z^1,False,<>,False,,,,,
aaabbAAbb,,2,False,Z^1,False,<>,True,,,,,
aaabbAAAb,,2,False,Z^1+Z/3Z,False,<>,False,,,,,
aaabbAAAB,,2,False,Z^1,False,<>,False,,,,,
aaabbAABB,,2,False,Z^1,False,<>,False,,,,,
aaabbABAB,,2,False,Z^1,False,<>,False,,,,,
aaabAbabb,,2,False,Z^1,False,<>,False,,,,,
aaabAbbab,,2,False,Z^1,False,<>,False,,,,,
aaabABaBB,,2,False,Z^1,False,<>,False,,,,,
aaabABABB,,2,False,Z^1,False,<>,False,,,,,
aaabABBAb,,2,False,Z^1,False,<>,True,m004,,4_1,,
aabaabaBB,,2,False,Z^1+Z/5Z,False,<>,False,,,,,
aabaabbaB,,2,False,Z^1,False,<>,False,,,,,
aabaabbAB,,2,False,Z^1,False,<>,False,,,,,
aabaabABB,,2,False,Z^1+Z/3Z,False,<>,False,,,,,
aabaaBabb,,2,False,Z^1,False,<>,False,,,,,
aabaaBaBB,,2,False,Z^1,False,<>,False,,,,,
aabaaBAbb,,2,False,Z^1,False,<>,False,,,,,
aabaaBABB,,2,False,Z^1,False,<>,False,,,,,
aababaaBB,,2,False,Z^1+Z/5Z,False,<>,True,m006,,,,
aababbAAB,,2,False,Z^1,False,<>,False,,,,,
aababAABB,,2,False,Z^1,False,<>,False,,,,,
aabaBaabb,,2,False,Z^1,False,<>,False,,,,,
aabaBaaBB,,2,False,Z^1,False,<>,False,,,,,
aabaBabaB,,2,False,Z^1+Z/5Z,False,<>,False,,,,,
aabaBabAB,,2,False,Z^1+Z/3Z,False,<>,False,,,,,
aabaBAbaB,,2,False,Z^1+Z/3Z,False,<>,False,,,,,
aabaBAbAB,,2,False,Z^1,False,<>,False,,,,,
aabaBBAbb,,2,False,Z^1,False,<>,False,,,,,
aabaBBAAb,,2,False,Z^1,False,<>,False,,,,,
aabbaabAB,,2,False,Z^1,False,<>,False,,,,,
aabbaaBAb,,2,False,Z^1,False,<>,False,,,,,
aabbaaBAB,,2,False,Z^1+Z/3Z,False,<>,True,m007,,,,
aabbaBAAB,,2,False,Z^1,False,<>,False,,,,,
aabABabaB,"G(1,-2)",2,False,Z^1+Z/3Z,False,<>,False,,,,,
aabABabAB,,2,False,Z^1,False,<>,False,,,,,
aabABAbaB,"G(1,2)",2,False,Z^1,False,<>,False,,,,"Baumslag-Gersten group. Every quotient group is cyclic, not residually finite, Hopfian, co-Hopfian","A Non-cyclic One-relator Group all of Whose Finite Quotients are Cyclic, Gilbert Baumslag"
aabABAbAB,,2,False,Z^1,False,<>,False,,,,,
aaaaaaaaaa,C_10,1,a,Z^0+Z/10Z,False,<a>,True,,,,"Finite, abelian",
aaaaaaaabb,,2,False,Z^1+Z/2Z,False,<bb>,True,,,,,
aaaaaaabaB,"BS(1,-7)",2,False,Z^1+Z/8Z,False,<>,False,,,,,
aaaaaaabbb,"T(7,3)",2,False,Z^1,False,<bbb>,True,,,,,
aaaaaaabAB,"BS(1,7)",2,False,Z^1+Z/6Z,False,<>,False,,,,,
aaaaaabaaB,"BS(2,-6)",2,False,Z^1+Z/8Z,False,<>,False,,,,,
aaaaaabaBB,,2,False,Z^1,False,<>,False,,,,,
aaaaaabbaB,,2,False,Z^1,False,<>,False,,,,,
aaaaaabbbb,,2,False,Z^1+Z/2Z,False,<bbbb>,True,,,,,
aaaaaabbAb,,2,False,Z^1,False,<>,False,,,,,
aaaaaabbAB,,2,False,Z^1,False,<>,False,,,,,
aaaaaabAbb,,2,False,Z^1,False,<>,False,,,,,
aaaaaabAAB,"BS(2,6)",2,False,Z^1+Z/4Z,False,<>,False,,,,,
aaaaaabABB,,2,False,Z^1,False,<>,False,,,,,
aaaaabaaaB,"BS(3,-5)",2,False,Z^1+Z/8Z,False,<>,False,,,,,
aaaaabaaBB,,2,False,Z^1,False,<>,False,,,,,
aaaaababbb,,2,False,Z^1+Z/2Z,False,<>,False,,,,,
aaaaabaBBB,,2,False,Z^1+Z/2Z,False,<>,False,,,,,
aaaaabbaaB,,2,False,Z^1,False,<>,False,,,,,
aaaaabbabb,,2,False,Z^1+Z/2Z,False,<>,True,,,,,
aaaaabbaBB,,2,False,Z^1+Z/6Z,False,<>,False,,,,,
aaaaabbbab,,2,False,Z^1+Z/2Z,False,<>,False,,,,,
aaaaabbbaB,,2,False,Z^1+Z/2Z,False,<>,False,,,,,
aaaaabbbbb,,2,False,Z^1+Z/5Z,False,<bbbbb>,True,,,,,
aaaaabbbAb,,2,False,Z^1+Z/4Z,False,<>,False,,,,,
aaaaabbbAB,,2,False,Z^1+Z/2Z,False,<>,False,,,,,
aaaaabbAbb,,2,False,Z^1+Z/4Z,False,<>,True,,,,,
aaaaabbAAb,,2,False,Z^1+Z/3Z,False,<>,False,,,,,
aaaaabbAAB,,2,False,Z^1,False,<>,False,,,,,
aaaaabbABB,,2,False,Z^1+Z/4Z,False,<>,False,,,,,
aaaaabAbbb,,2,False,Z^1+Z/4Z,False,<>,False,,,,,
aaaaabAAbb,,2,False,Z^1+Z/3Z,False,<>,False,,,,,
aaaaabAAAB,"BS(3,5)",2,False,Z^1+Z/2Z,False,<>,False,,,,,
aaaaabAABB,,2,False,Z^1,False,<>,False,,,,,
aaaaabABBB,,2,False,Z^1+Z/2Z,False,<>,False,,,,,
aaaabaaaaB,"BS(4,-4)",2,False,Z^1+Z/8Z,False,<>,,,,,,
aaaabaaaBB,,2,False,Z^1,False,<>,False,,,,,
aaaabaabbb,,2,False,Z^1+Z/2Z,False,<>,False,,,,,
aaaabaaBBB,,2,False,Z^1+Z/2Z,False,<>,False,,,,,
aaaababaBB,,2,False,Z^1+Z/6Z,False,<>,False,,,,,
aaaababbaB,,2,False,Z^1+Z/2Z,False,<>,False,,,,,
aaaababbbb,,2,False,Z^1+Z/5Z,False,<>,False,,,,,
aaaababbAb,,2,False,Z^1+Z/4Z,False,<>,False,,,,,
aaaababbAB,,2,False,Z^1+Z/2Z,False,<>,False,,,,,
aaaababAbb,,2,False,Z^1+Z/4Z,False,<>,False,,,,,
aaaababABB,,2,False,Z^1+Z/4Z,False,<>,False,,,,,
aaaabaBabb,,2,False,Z^1+Z/2Z,False,<>,False,,,,,
aaaabaBaBB,,2,False,Z^1+Z/2Z,False,<>,False,,,,,
aaaabaBAbb,,2,False,Z^1+Z/2Z,False,<>,False,,,,,
aaaabaBABB,,2,False,Z^1+Z/2Z,False,<>,False,,,,,
aaaabaBBab,,2,False,Z^1+Z/6Z,False,<>,True,m010,,,,
aaaabaBBAb,,2,False,Z^1+Z/4Z,False,<>,False,,,,,
aaaabaBBBB,,2,False,Z^1,False,<>,False,,,,,
aaaabbaaaB,,2,False,Z^1,False,<>,False,,,,,
aaaabbaabb,,2,False,Z^1+Z/2Z,False,<baabbaaabaabbaaabAABBAAABBAABAABBAAABBAAbaaabbaabaaabbaabbabababababab>,False,,,,,
aaaabbaaBB,,2,False,Z^1+Z/6Z,False,<>,False,,,,,
aaaabbabaB,,2,False,Z^1+Z/2Z,False,<>,False,,,,,
aaaabbabbb,,2,False,Z^1+Z/5Z,False,<>,False,,,,,
aaaabbabAb,,2,False,Z^1+Z/4Z,False,<>,False,,,,,
aaaabbabAB,,2,False,Z^1+Z/2Z,False,<>,False,,,,,
aaaabbaBab,,2,False,Z^1+Z/2Z,False,<>,False,,,,,
aaaabbaBAb,,2,False,Z^1+Z/2Z,False,<>,False,,,,,
aaaabbaBAB,,2,False,Z^1+Z/4Z,False,<>,False,,,,,
aaaabbaBBB,,2,False,Z^1,False,<>,False,,,,,
aaaabbbaab,,2,False,Z^1+Z/2Z,False,<>,False,,,,,
aaaabbbaaB,,2,False,Z^1+Z/2Z,False,<>,False,,,,,
aaaabbbabb,,2,False,Z^1+Z/5Z,False,<>,False,,,,,
aaaabbbaBB,,2,False,Z^1,False,<>,False,,,,,
aaaabbbbaB,,2,False,Z^1,False,<>,False,,,,,
aaaabbbbAB,,2,False,Z^1+Z/3Z,False,<>,False,,,,,
aaaabbbAbb,,2,False,Z^1,False,<>,False,,,,,
aaaabbbAAb,,2,False,Z^1+Z/2Z,False,<>,False,,,,,
aaaabbbAAB,,2,False,Z^1+Z/2Z,False,<>,False,,,,,
aaaabbbABB,,2,False,Z^1,False,<>,False,,,,,
aaaabbAbab,,2,False,Z^1+Z/4Z,False,<>,False,,,,,
aaaabbAbbb,,2,False,Z^1,False,<>,False,,,,,
aaaabbAAbb,,2,False,Z^1+Z/2Z,False,<>,False,,,,,
aaaabbAAAb,,2,False,Z^1,False,<>,False,,,,,
aaaabbAAAB,,2,False,Z^1,False,<>,False,,,,,
aaaabbAABB,,2,False,Z^1+Z/2Z,False,<>,False,,,,,
aaaabbABAB,,2,False,Z^1+Z/2Z,False,<>,False,,,,,
aaaabbABBB,,2,False,Z^1,False,<>,False,,,,,
aaaabAbabb,,2,False,Z^1+Z/4Z,False,<>,False,,,,,
aaaabAbbab,,2,False,Z^1+Z/4Z,False,<>,False,,,,,
aaaabAAbbb,,2,False,Z^1+Z/2Z,False,<>,False,,,,,
aaaabAAAbb,,2,False,Z^1,False,<>,False,,,,,
aaaabAAAAB,"BS(4,4)",2,False,Z^2,False,<aaaa>,,8^2_1,,8^2_1,,
aaaabAAABB,,2,False,Z^1,False,<>,False,,,,,
aaaabAABBB,,2,False,Z^1+Z/2Z,False,<>,False,,,,,
aaaabABaBB,,2,False,Z^1+Z/2Z,False,<>,False,,,,,
aaaabABABB,,2,False,Z^1+Z/2Z,False,<>,False,,,,,
aaaabABBAb,,2,False,Z^1+Z/2Z,False,<>,True,m009,,,,
aaabaaabbb,,2,False,Z^1+Z/2Z,False,<>,True,,,,,
aaabaaaBBB,,2,False,Z^1+Z/2Z,False,<>,True,,,,,
aaabaabaBB,,2,False,Z^1+Z/6Z,False,<>,False,,,,,
aaabaabbaB,,2,False,Z^1+Z/2Z,False,<>,False,,,,,
aaabaabbAb,,2,False,Z^1+Z/4Z,False,<>,False,,,,,
aaabaabbAB,,2,False,Z^1+Z/2Z,False,<>,False,,,,,
aaabaabAbb,,2,False,Z^1+Z/4Z,False,<>,False,,,,,
aaabaabABB,,2,False,Z^1+Z/4Z,False,<>,False,,,,,
aaabaaBabb,,2,False,Z^1+Z/2Z,False,<>,False,,,,,
aaabaaBaBB,,2,False,Z^1+Z/2Z,False,<>,False,,,,,
aaabaaBAbb,,2,False,Z^1+Z/2Z,False,<>,False,,,,,
aaabaaBABB,,2,False,Z^1+Z/2Z,False,<>,False,,,,,
aaabaaBBab,,2,False,Z^1+Z/6Z,False,<>,False,,,,,
aaabaaBBAb,,2,False,Z^1+Z/4Z,False,<>,False,,,,,
aaababaaBB,,2,False,Z^1+Z/6Z,False,<>,False,,,,,
aaababaBBB,,2,False,Z^1,False,<>,False,,,,,
aaababbaaB,,2,False,Z^1+Z/2Z,False,<>,False,,,,,
aaababbaBB,,2,False,Z^1,False,<>,False,,,,,
aaababbbaB,,2,False,Z^1,False,<>,False,,,,,
aaababbbAb,,2,False,Z^1,False,<>,False,,,,,
aaababbbAB,,2,False,Z^1+Z/3Z,False,<>,False,,,,,
aaababbAbb,,2,False,Z^1,False,<>,False,,,,,
aaababbAAb,,2,False,Z^1+Z/2Z,False,<>,False,,,,,
aaababbAAB,,2,False,Z^1+Z/2Z,False,<>,False,,,,,
aaababbABB,,2,False,Z^1,False,<>,False,,,,,
aaababAbbb,,2,False,Z^1,False,<>,False,,,,,
aaababAAbb,,2,False,Z^1+Z/2Z,False,<>,False,,,,,
aaababAABB,,2,False,Z^1+Z/2Z,False,<>,False,,,,,
aaababABBB,,2,False,Z^1,False,<>,False,,,,,
aaabaBaabb,,2,False,Z^1+Z/2Z,False,<>,False,,,,,
aaabaBaaBB,,2,False,Z^1+Z/2Z,False,<>,False,,,,,
aaabaBabaB,,2,False,Z^1+Z/6Z,False,<>,,,,,,
aaabaBabbb,,2,False,Z^1,False,<>,False,,,,,
aaabaBabAB,,2,False,Z^1+Z/4Z,False,<>,,,,,,
aaabaBaBBB,,2,False,Z^1,False,<>,False,,,,,
aaabaBAbaB,,2,False,Z^1+Z/4Z,False,<>,,,,,,
aaabaBAbbb,,2,False,Z^1+Z/3Z,False,<>,False,,,,,
aaabaBAbAB,,2,False,Z^1+Z/2Z,False,<>,,,,,,
aaabaBAAbb,,2,False,Z^1+Z/2Z,False,<>,False,,,,,
aaabaBAABB,,2,False,Z^1+Z/2Z,False,<>,False,,,,,
aaabaBABBB,,2,False,Z^1+Z/3Z,False,<>,False,,,,,
aaabaBBabb,,2,False,Z^1,False,<>,False,,,,,
aaabaBBaBB,,2,False,Z^1,False,<>,False,,,,,
aaabaBBAbb,,2,False,Z^1,False,<>,False,,,,,
aaabaBBAAb,,2,False,Z^1+Z/2Z,False,<>,False,,,,,
aaabaBBABB,,2,False,Z^1+Z/3Z,False,<>,False,,,,,
aaabaBBBab,,2,False,Z^1,False,<>,True,m011,,,,
aaabaBBBAb,,2,False,Z^1,False,<>,False,,,,,
aaabaBBBAB,,2,False,Z^1+Z/3Z,False,<>,False,,,,,
aaabbaaabb,,2,aaabb,Z^1+Z/2Z,False,<>,False,,,,,
aaabbaaaBB,,2,False,Z^1+Z/6Z,False,<>,False,,,,,
aaabbaabaB,,2,False,Z^1+Z/2Z,False,<>,False,,,,,
aaabbaabbb,,2,False,Z^1+Z/5Z,False,<>,False,,,,,
aaabbaabAb,,2,False,Z^1+Z/4Z,False,<>,False,,,,,
aaabbaabAB,,2,False,Z^1+Z/2Z,False,<>,False,,,,,
aaabbaaBab,,2,False,Z^1+Z/2Z,False,<>,False,,,,,
aaabbaaBAb,,2,False,Z^1+Z/2Z,False,<>,False,,,,,
aaabbaaBAB,,2,False,Z^1+Z/4Z,False,<>,False,,,,,
aaabbaaBBB,,2,False,Z^1,False,<>,False,,,,,
aaabbabaaB,,2,False,Z^1+Z/2Z,False,<>,False,,,,,
aaabbabaBB,,2,False,Z^1,False,<>,False,,,,,
aaabbabbaB,,2,False,Z^1,False,<>,False,,,,,
aaabbabbAb,,2,False,Z^1,False,<>,False,,,,,
aaabbabbAB,,2,False,Z^1+Z/3Z,False,<>,False,,,,,
aaabbabAbb,,2,False,Z^1,False,<>,False,,,,,
aaabbabAAb,,2,False,Z^1+Z/2Z,False,<>,False,,,,,
aaabbabAAB,,2,False,Z^1+Z/2Z,False,<>,False,,,,,
aaabbabABB,,2,False,Z^1,False,<>,False,,,,,
aaabbaBaab,,2,False,Z^1+Z/2Z,False,<>,False,,,,,
aaabbaBabb,,2,False,Z^1,False,<>,True,,,,,
aaabbaBaBB,,2,False,Z^1,False,<>,False,,,,,
aaabbaBAbb,,2,False,Z^1+Z/3Z,False,<>,False,,,,,
aaabbaBAAb,,2,False,Z^1+Z/2Z,False,<>,False,,,,,
aaabbaBAAB,,2,False,Z^1+Z/2Z,False,<>,False,,,,,
aaabbaBABB,,2,False,Z^1,False,<>,False,,,,,
aaabbaBBab,,2,False,Z^1,False,<>,False,,,,,
aaabbaBBaB,,2,False,Z^1,False,<>,False,,,,,
aaabbaBBAb,,2,False,Z^1,False,<>,False,,,,,
aaabbaBBAB,,2,False,Z^1,False,<>,False,,,,,
aaabbbaaBB,,2,False,Z^1,False,<>,False,,,,,
aaabbbaBab,,2,False,Z^1,False,<>,False,,,,,
aaabbbaBaB,,2,False,Z^1,False,<>,False,,,,,
aaabbbaBAb,,2,False,Z^1+Z/3Z,False,<>,False,,,,,
aaabbbaBAB,,2,False,Z^1,False,<>,False,,,,,
aaabbbaBBB,,2,False,Z^1+Z/4Z,False,<>,False,,,,,
aaabbbAAAB,,2,False,Z^1+Z/2Z,False,<>,False,,,,,
aaabbbAABB,,2,False,Z^1,False,<>,False,,,,,
aaabbbABab,,2,False,Z^1+Z/3Z,False,<>,False,,,,,
aaabbbABaB,,2,False,Z^1,False,<>,False,,,,,
aaabbbABAb,,2,False,Z^1,False,<>,False,,,,,
aaabbbABAB,,2,False,Z^1,False,<>,False,,,,,
aaabbAbaab,,2,False,Z^1+Z/4Z,False,<>,False,,,,,
aaabbAbabb,,2,False,Z^1,False,<>,False,,,,,
aaabbAbaBB,,2,False,Z^1,False,<>,False,,,,,
aaabbAbbab,,2,False,Z^1,False,<>,False,,,,,
aaabbAbbaB,,2,False,Z^1+Z/3Z,False,<>,False,,,,,
aaabbAbbAb,,2,False,Z^1,False,<>,False,,,,,
aaabbAbbAB,,2,False,Z^1,False,<>,False,,,,,
aaabbAbAbb,,2,False,Z^1,False,<>,True,m026,,,,
aaabbAbABB,,2,False,Z^1,False,<>,False,,,,,
aaabbAAbab,,2,False,Z^1+Z/2Z,False,<>,False,,,,,
aaabbAAAbb,,2,False,Z^1+Z/4Z,False,<>,False,,,,,
aaabbAAABB,,2,False,Z^2,False,<>,True,,,,,
aaabbAABAB,,2,False,Z^2,False,<>,False,,,,,
aaabbABabb,,2,False,Z^1+Z/3Z,False,<>,False,,,,,
aaabbABaBB,,2,False,Z^1,False,<>,False,,,,,
aaabbABAbb,,2,False,Z^1,False,<>,True,m034,,,,
aaabbABAAB,,2,False,Z^2,False,<>,False,,,,,
aaabbABABB,,2,False,Z^1,False,<>,False,,,,,
aaabbABBab,,2,False,Z^1,False,<>,False,,,,,
aaabbABBaB,,2,False,Z^1,False,<>,False,,,,,
aaabbABBAb,,2,False,Z^1,False,<>,False,,,,,
aaabbABBAB,,2,False,Z^1,False,<>,False,,,,,
aaabAbbabb,,2,False,Z^1,False,<>,False,,,,,
aaabAbbaBB,,2,False,Z^1,False,<>,False,,,,,
aaabAbbbaB,,2,False,Z^1+Z/3Z,False,<>,False,,,,,
aaabAbbbAB,,2,False,Z^1,False,<>,False,,,,,
aaabAbbAbb,,2,False,Z^1,False,<>,False,,,,,
aaabAbbABB,,2,False,Z^1,False,<>,False,,,,,
aaabAABaBB,,2,False,Z^1+Z/2Z,False,<>,False,,,,,
aaabAABABB,,2,False,Z^1+Z/2Z,False,<>,False,,,,,
aaabAABBAb,,2,False,Z^2,False,<>,False,,,,,
aaabABaaBB,,2,False,Z^1+Z/2Z,False,<>,False,,,,,
aaabABabaB,"G(1,-3)",2,False,Z^1+Z/4Z,False,<>,,,,,,
aaabABabAB,,2,False,Z^1+Z/2Z,False,<>,,,,,,
aaabABAbaB,"G(1,3)",2,False,Z^1+Z/2Z,False,<>,,,,,,
aaabABAbAB,,2,False,Z^2,False,<>,,,,,,
aaabABAABB,,2,False,Z^1+Z/2Z,False,<>,False,,,,,
aaabABBabb,,2,False,Z^1,False,<>,False,,,,,
aaabABBaBB,,2,False,Z^1+Z/3Z,False,<>,False,,,,,
aaabABBAbb,,2,False,Z^1,False,<>,False,,,,,
aaabABBABB,,2,False,Z^1,False,<>,False,,,,,
aaabABBBAb,,2,False,Z^1,False,<>,True,m038,,,,
aabaabaaBB,,2,False,Z^1+Z/6Z,False,<>,True,,,,,
aabaabbaaB,,2,False,Z^1+Z/2Z,False,<>,False,,,,,
aabaabbaBB,,2,False,Z^1,False,<>,False,,,,,
aabaabbAbb,,2,False,Z^1,False,<>,True,m016,K3_1,,,
aabaabbAAB,,2,False,Z^1+Z/2Z,False,<>,False,,,,,
aabaabbABB,,2,False,Z^1,False,<>,False,,,,,
aabaabAABB,,2,False,Z^1+Z/2Z,False,<>,False,,,,,
aabaaBaabb,,2,False,Z^1+Z/2Z,False,<>,False,,,,,
aabaaBabaB,,2,False,Z^1+Z/6Z,False,<>,,,,,,
aabaaBabAB,,2,False,Z^1+Z/4Z,False,<>,,,,,,
aabaaBAbaB,,2,False,Z^1+Z/4Z,False,<>,,,,,,
aabaaBAbAB,,2,False,Z^1+Z/2Z,False,<>,,,,,,
aabaaBBabb,,2,False,Z^1,False,<>,False,,,,,
aabaaBBAbb,,2,False,Z^1,False,<>,False,,,,,
aabaaBBABB,,2,False,Z^1+Z/3Z,False,<>,True,m036,,,,
aababaBaBB,,2,False,Z^1,False,<>,False,,,,,
aababaBBaB,,2,False,Z^1,False,<>,False,,,,,
aababbaaBB,,2,False,Z^1,False,<>,False,,,,,
aababbaBaB,,2,False,Z^1,False,<>,False,,,,,
aababbAbaB,,2,False,Z^1+Z/3Z,False,<>,False,,,,,
aababbAbAB,,2,False,Z^1,False,<>,False,,,,,
aababbAAbb,,2,False,Z^1,False,<>,False,,,,,
aababbAABB,,2,False,Z^1,False,<>,False,,,,,
aababbABaB,,2,False,Z^1,False,<>,False,,,,,
aababAbaBB,,2,False,Z^1,False,<>,False,,,,,
aababAbbaB,,2,False,Z^1+Z/3Z,False,<>,False,,,,,
aababAbbAb,,2,False,Z^1,False,<>,False,,,,,
aababAbbAB,,2,False,Z^1,False,<>,False,,,,,
aababAbAbb,,2,False,Z^1,False,<>,False,,,,,
aababAbABB,,2,False,Z^1,False,<>,False,,,,,
aababABaBB,,2,False,Z^1,False,<>,False,,,,,
aabaBaabaB,,2,aabaB,Z^1+Z/6Z,False,<>,,,,,,
aabaBaabAB,,2,False,Z^1+Z/4Z,False,<>,,,,,,
aabaBabaBB,,2,False,Z^1,False,<>,False,,,,,
aabaBabbaB,,2,False,Z^1,False,<>,False,,,,,
aabaBabbAb,,2,False,Z^1+Z/3Z,False,<>,False,,,,,
aabaBabbAB,,2,False,Z^1,False,<>,False,,,,,
aabaBabAbb,,2,False,Z^1+Z/3Z,False,<>,False,,,,,
aabaBabAAB,,2,False,Z^1+Z/2Z,False,<>,,,,,,
aabaBabABB,,2,False,Z^1,False,<>,False,,,,,
aabaBaBabb,,2,False,Z^1,False,<>,False,,,,,
aabaBaBAbb,,2,False,Z^1,False,<>,False,,,,,
aabaBaBABB,,2,False,Z^1+Z/3Z,False,<>,False,,,,,
aabaBaBBab,,2,False,Z^1,False,<>,False,,,,,
aabaBaBBAb,,2,False,Z^1,False,<>,False,,,,,
aabaBaBBAB,,2,False,Z^1+Z/3Z,False,<>,False,,,,,
aabaBAbaBB,,2,False,Z^1,False,<>,False,,,,,
aabaBAbbaB,,2,False,Z^1,False,<>,False,,,,,
aabaBAbbAb,,2,False,Z^1,False,<>,False,,,,,
aabaBAbbAB,,2,False,Z^1,False,<>,False,,,,,
aabaBAbAbb,,2,False,Z^1,False,<>,False,,,,,
aabaBAbAAB,,2,False,Z^2,False,<>,,,,,,
aabaBAbABB,,2,False,Z^1,False,<>,False,,,,,
aabaBAAbaB,,2,False,Z^1+Z/2Z,False,<>,,,,,,
aabaBAAbAB,,2,False,Z^2,False,<>,,,,,,
aabaBABaBB,,2,False,Z^1+Z/3Z,False,<>,False,,,,,
aabaBBaabb,,2,False,Z^1,False,<>,False,,,,,
aabaBBaaBB,,2,False,Z^1,False,<>,False,,,,,
aabaBBabaB,,2,False,Z^1,False,<>,False,,,,,
aabaBBabAb,,2,False,Z^1,False,<>,False,,,,,
aabaBBabAB,,2,False,Z^1,False,<>,False,,,,,
aabaBBAbaB,,2,False,Z^1,False,<>,False,,,,,
aabaBBAbAb,,2,False,Z^1,False,<>,False,,,,,
aabaBBAbAB,,2,False,Z^1,False,<>,False,,,,,
aabaBBAAbb,,2,False,Z^1,False,<>,False,,,,,
aabaBBAABB,,2,False,Z^1,False,<>,False,,,,,
aabbaabbaB,,2,False,Z^1,False,<>,False,,,,,
aabbaabbAB,,2,False,Z^1+Z/3Z,False,<>,False,,,,,
aabbaabAAB,,2,False,Z^1+Z/2Z,False,<>,False,,,,,
aabbaabABB,,2,False,Z^1,False,<>,False,,,,,
aabbaaBAAB,,2,False,Z^1+Z/2Z,False,<>,False,,,,,
aabbaaBABB,,2,False,Z^1,False,<>,False,,,,,
aabbaaBBab,,2,False,Z^1,False,<>,False,,,,,
aabbaaBBAb,,2,False,Z^1,False,<>,False,,,,,
aabbaBabaB,,2,False,Z^1,False,<>,False,,,,,
aabbaBabAb,,2,False,Z^1+Z/3Z,False,<>,False,,,,,
aabbaBabAB,,2,False,Z^1,False,<>,False,,,,,
aabbaBaBab,,2,False,Z^1,False,<>,False,,,,,
aabbaBaBAb,,2,False,Z^1,False,<>,False,,,,,
aabbaBaBAB,,2,False,Z^1,False,<>,False,,,,,
aabbaBAbaB,,2,False,Z^1,False,<>,False,,,,,
aabbaBAbAb,,2,False,Z^1,False,<>,False,,,,,
aabbaBAbAB,,2,False,Z^1,False,<>,False,,,,,
aabbaBAABB,,2,False,Z^1,False,<>,False,,,,,
aabbaBABaB,,2,False,Z^1,False,<>,False,,,,,
aabbaBBAAb,,2,False,Z^1,False,<>,False,,,,,
aabbaBBAAB,,2,False,Z^1,False,<>,False,,,,,
aabbAABaBB,,2,False,Z^1,False,<>,False,,,,,
aabbABabaB,,2,False,Z^1,False,<>,False,,,,,
aabbABabAb,,2,False,Z^1,False,<>,False,,,,,
aabbABabAB,,2,False,Z^1,False,<>,False,,,,,
aabbABaBab,,2,False,Z^1,False,<>,False,,,,,
aabbABaBAb,,2,False,Z^1,False,<>,False,,,,,
aabbABaBAB,,2,False,Z^1,False,<>,False,,,,,
aabbABAbaB,,2,False,Z^1,False,<>,False,,,,,
aabbABAbAb,,2,False,Z^1,False,<>,False,,,,,
aabbABAbAB,,2,False,Z^1,False,<>,False,,,,,
aabbABABaB,,2,False,Z^1,False,<>,False,,,,,
aabbABBAAb,,2,False,Z^1,False,<>,False,,,,,
aabAbabbaB,,2,False,Z^1+Z/3Z,False,<>,False,,,,,
aabAbabbAB,,2,False,Z^1,False,<>,False,,,,,
aabAbaBBab,,2,False,Z^1,False,<>,False,,,,,
aabAbaBBAb,,2,False,Z^1,False,<>,False,,,,,
aabAbbaBAb,,2,False,Z^1,False,<>,False,,,,,
aabAbbaBAB,,2,False,Z^1,False,<>,False,,,,,
aabAbbABab,,2,False,Z^1,False,<>,False,,,,,
aabAbbABAB,,2,False,Z^1,False,<>,False,,,,,
aabAbABBAb,,2,False,Z^1,False,<>,False,,,,,
aabAABabaB,,2,False,Z^1+Z/2Z,False,<>,,,,,,
aabAABabAB,,2,False,Z^2,False,<>,,,,,,
aabABaabAB,"G(2,-2)",2,aabAB,Z^1+Z/2Z,False,<>,,,,,,
aabABabbAB,,2,False,Z^1,False,<>,False,,,,,
aabABaBBAb,,2,False,Z^1,False,<>,False,,,,,
aabABAbbAB,,2,False,Z^1,False,<>,False,,,,,
aabABAAbaB,"G(2,2)",2,False,Z^2,False,<>,,,,,,
aaaaaaaaaaa,,1,a,Z^0+Z/11Z,True,<a>,True,,,,,
aaaaaaaaabb,,2,False,Z^1,False,<baaaaabaaaaabaaaaabaaaaabaaaaabaaaaabaaaaabaaaaabbaaaabaaaabaaaabaaaabaaaabaaaabaaaabaaaab>,True,9_1,,9_1,,
aaaaaaaabaB,,2,False,Z^1+Z/9Z,False,<>,Unknown,,,,,
aaaaaaaabbb,,2,False,Z^1,False,<aaaaabbaaaaabbaaaaabbaaaaabbaaaaabbaaaaabbaaaaabbaaaaabbaaaaaaaabaaabaaabaaabaaabaaabaaabaaabaaa>,True,,,,,
aaaaaaaabAB,,2,False,Z^1+Z/7Z,False,<>,Unknown,,,,,
aaaaaaabaaB,,2,False,Z^1+Z/9Z,False,<>,Unknown,,,,,
aaaaaaabaBB,,2,False,Z^1,False,<>,False,,,,,
aaaaaaabbaB,,2,False,Z^1,False,<>,False,,,,,
aaaaaaabbbb,,2,False,Z^1,False,<aaaaabbbaaaaabbbaaaaabbbaaaaabbbaaaaabbbaaaaabbbaaaaabbbaaaaaaabaabaabaabaabaabaabaa>,True,,,,,
aaaaaaabbAb,,2,False,Z^1+Z/3Z,False,<>,False,,,,,
aaaaaaabbAB,,2,False,Z^1,False,<>,False,,,,,
aaaaaaabAbb,,2,False,Z^1+Z/3Z,False,<>,False,,,,,
aaaaaaabAAB,,2,False,Z^1+Z/5Z,False,<>,Unknown,,,,,
aaaaaaabABB,,2,False,Z^1,False,<>,False,,,,,
aaaaaabaaaB,,2,False,Z^1+Z/9Z,False,<>,Unknown,,,,,
aaaaaabaaBB,,2,False,Z^1,False,<>,False,,,,,
aaaaaababbb,,2,False,Z^1,False,<>,False,,,,,
aaaaaabaBBB,,2,False,Z^1,False,<>,False,,,,,
aaaaaabbaaB,,2,False,Z^1,False,<>,False,,,,,
aaaaaabbabb,,2,False,Z^1,False,<>,True,,,,,
aaaaaabbaBB,,2,False,Z^1+Z/7Z,False,<>,False,,,,,
aaaaaabbbab,,2,False,Z^1,False,<>,False,,,,,
aaaaaabbbaB,,2,False,Z^1,False,<>,False,,,,,
aaaaaabbbbb,,2,False,Z^1,False,<bbbbaaaaabbbbaaaaabbbbaaaaabbbbaaaaabbbbaaaaabbbbbababababab>,True,,,,,
aaaaaabbbAb,,2,False,Z^1,False,<>,False,,,,,
aaaaaabbbAB,,2,False,Z^1,False,<>,False,,,,,
aaaaaabbAbb,,2,False,Z^1,False,<>,True,,,,,
aaaaaabbAAb,,2,False,Z^1,False,<>,False,,,,,
aaaaaabbAAB,,2,False,Z^1,False,<>,False,,,,,
aaaaaabbABB,,2,False,Z^1+Z/5Z,False,<>,False,,,,,
aaaaaabAbbb,,2,False,Z^1,False,<>,False,,,,,
aaaaaabAAbb,,2,False,Z^1,False,<>,False,,,,,
aaaaaabAAAB,,2,False,Z^1+Z/3Z,False,<>,Unknown,,,,,
aaaaaabAABB,,2,False,Z^1,False,<>,False,,,,,
aaaaaabABBB,,2,False,Z^1,False,<>,False,,,,,
aaaaabaaaaB,,2,False,Z^1+Z/9Z,False,<>,Unknown,,,,,
aaaaabaaaBB,,2,False,Z^1,False,<>,False,,,,,
aaaaabaabbb,,2,False,Z^1,False,<>,False,,,,,
aaaaabaaBBB,,2,False,Z^1,False,<>,False,,,,,
aaaaababaBB,,2,False,Z^1+Z/7Z,False,<>,False,,,,,
aaaaababbaB,,2,False,Z^1,False,<>,False,,,,,
aaaaababbbb,,2,False,Z^1,False,<>,False,,,,,
aaaaababbAb,,2,False,Z^1,False,<>,False,,,,,
aaaaababbAB,,2,False,Z^1,False,<>,False,,,,,
aaaaababAbb,,2,False,Z^1,False,<>,False,,,,,
aaaaababABB,,2,False,Z^1+Z/5Z,False,<>,False,,,,,
aaaaabaBabb,,2,False,Z^1,False,<>,False,,,,,
aaaaabaBaBB,,2,False,Z^1,False,<>,False,,,,,
aaaaabaBAbb,,2,False,Z^1,False,<>,False,,,,,
aaaaabaBABB,,2,False,Z^1,False,<>,False,,,,,
aaaaabaBBab,,2,False,Z^1+Z/7Z,False,<>,True,m022,,,,
aaaaabaBBAb,,2,False,Z^1+Z/5Z,False,<>,False,,,,,
aaaaabaBBBB,,2,False,Z^1+Z/3Z,False,<>,False,,,,,
aaaaabbaaaB,,2,False,Z^1,False,<>,False,,,,,
aaaaabbaabb,,2,False,Z^1,False,<>,True,,,,,
aaaaabbaaBB,,2,False,Z^1+Z/7Z,False,<>,False,,,,,
aaaaabbabaB,,2,False,Z^1,False,<>,False,,,,,
aaaaabbabbb,,2,False,Z^1,False,<>,False,,,,,
aaaaabbabAb,,2,False,Z^1,False,<>,False,,,,,
aaaaabbabAB,,2,False,Z^1,False,<>,False,,,,,
aaaaabbaBab,,2,False,Z^1,False,<>,False,,,,,
aaaaabbaBAb,,2,False,Z^1,False,<>,False,,,,,
aaaaabbaBAB,,2,False,Z^1+Z/5Z,False,<>,False,,,,,
aaaaabbaBBB,,2,False,Z^1,False,<>,False,,,,,
aaaaabbbaab,,2,False,Z^1,False,<>,False,,,,,
aaaaabbbaaB,,2,False,Z^1,False,<>,False,,,,,
aaaaabbbabb,,2,False,Z^1,False,<>,False,,,,,
aaaaabbbaBB,,2,False,Z^1,False,<>,False,,,,,
aaaaabbbbab,,2,False,Z^1,False,<>,False,,,,,
aaaaabbbbaB,,2,False,Z^1+Z/3Z,False,<>,False,,,,,
aaaaabbbbAb,,2,False,Z^1,False,<>,False,,,,,
aaaaabbbbAB,,2,False,Z^1,False,<>,False,,,,,
aaaaabbbAbb,,2,False,Z^1,False,<>,False,,,,,
aaaaabbbAAb,,2,False,Z^1,False,<>,False,,,,,
aaaaabbbAAB,,2,False,Z^1,False,<>,False,,,,,
aaaaabbbABB,,2,False,Z^1,False,<>,False,,,,,
aaaaabbAbab,,2,False,Z^1,False,<>,False,,,,,
aaaaabbAbbb,,2,False,Z^1,False,<>,False,,,,,
aaaaabbAAbb,,2,False,Z^1,False,<>,True,,,,,
aaaaabbAAAb,,2,False,Z^1,False,<>,False,,,,,
aaaaabbAAAB,,2,False,Z^1,False,<>,False,,,,,
aaaaabbAABB,,2,False,Z^1+Z/3Z,False,<>,False,,,,,
aaaaabbABAB,,2,False,Z^1+Z/3Z,False,<>,False,,,,,
aaaaabbABBB,,2,False,Z^1,False,<>,False,,,,,
aaaaabAbabb,,2,False,Z^1,False,<>,False,,,,,
aaaaabAbbab,,2,False,Z^1,False,<>,False,,,,,
aaaaabAbbbb,,2,False,Z^1,False,<>,False,,,,,
aaaaabAAbbb,,2,False,Z^1,False,<>,False,,,,,
aaaaabAAAbb,,2,False,Z^1,False,<>,False,,,,,
aaaaabAAAAB,,2,False,Z^1,False,<>,Unknown,,,,,
aaaaabAAABB,,2,False,Z^1,False,<>,False,,,,,
aaaaabAABBB,,2,False,Z^1,False,<>,False,,,,,
aaaaabABaBB,,2,False,Z^1,False,<>,False,,,,,
aaaaabABABB,,2,False,Z^1,False,<>,False,,,,,
aaaaabABBAb,,2,False,Z^1+Z/3Z,False,<>,True,m023,,,,
aaaaabABBBB,,2,False,Z^1,False,<>,False,,,,,
aaaabaaaaBB,,2,False,Z^1,False,<>,True,,,,,
aaaabaaabbb,,2,False,Z^1,False,<>,False,,,,,
aaaabaaaBBB,,2,False,Z^1,False,<>,False,,,,,
aaaabaabaBB,,2,False,Z^1+Z/7Z,False,<>,False,,,,,
aaaabaabbaB,,2,False,Z^1,False,<>,False,,,,,
aaaabaabbbb,,2,False,Z^1,False,<>,False,,,,,
aaaabaabbAb,,2,False,Z^1,False,<>,False,,,,,
aaaabaabbAB,,2,False,Z^1,False,<>,False,,,,,
aaaabaabAbb,,2,False,Z^1,False,<>,False,,,,,
aaaabaabABB,,2,False,Z^1+Z/5Z,False,<>,False,,,,,
aaaabaaBabb,,2,False,Z^1,False,<>,False,,,,,
aaaabaaBaBB,,2,False,Z^1,False,<>,False,,,,,
aaaabaaBAbb,,2,False,Z^1,False,<>,False,,,,,
aaaabaaBABB,,2,False,Z^1,False,<>,False,,,,,
aaaabaaBBab,,2,False,Z^1+Z/7Z,False,<>,False,,,,,
aaaabaaBBAb,,2,False,Z^1+Z/5Z,False,<>,False,,,,,
aaaabaaBBBB,,2,False,Z^1+Z/3Z,False,<>,False,,,,,
aaaababaaBB,,2,False,Z^1+Z/7Z,False,<>,False,,,,,
aaaababaBBB,,2,False,Z^1,False,<>,False,,,,,
aaaababbaaB,,2,False,Z^1,False,<>,False,,,,,
aaaababbaBB,,2,False,Z^1,False,<>,False,,,,,
aaaababbbaB,,2,False,Z^1+Z/3Z,False,<>,False,,,,,
aaaababbbAb,,2,False,Z^1,False,<>,False,,,,,
aaaababbbAB,,2,False,Z^1,False,<>,False,,,,,
aaaababbAbb,,2,False,Z^1,False,<>,False,,,,,
aaaababbAAb,,2,False,Z^1,False,<>,False,,,,,
aaaababbAAB,,2,False,Z^1,False,<>,False,,,,,
aaaababbABB,,2,False,Z^1,False,<>,False,,,,,
aaaababAbbb,,2,False,Z^1,False,<>,False,,,,,
aaaababAAbb,,2,False,Z^1,False,<>,False,,,,,
aaaababAABB,,2,False,Z^1+Z/3Z,False,<>,False,,,,,
aaaababABBB,,2,False,Z^1,False,<>,False,,,,,
aaaabaBaabb,,2,False,Z^1,False,<>,False,,,,,
aaaabaBaaBB,,2,False,Z^1,False,<>,False,,,,,
aaaabaBabaB,,2,False,Z^1+Z/7Z,False,<>,Unknown,,,,,
aaaabaBabbb,,2,False,Z^1+Z/3Z,False,<>,False,,,,,
aaaabaBabAB,,2,False,Z^1+Z/5Z,False,<>,Unknown,,,,,
aaaabaBaBBB,,2,False,Z^1+Z/3Z,False,<>,False,,,,,
aaaabaBAbaB,,2,False,Z^1+Z/5Z,False,<>,Unknown,,,,,
aaaabaBAbbb,,2,False,Z^1,False,<>,False,,,,,
aaaabaBAbAB,,2,False,Z^1+Z/3Z,False,<>,Unknown,,,,,
aaaabaBAAbb,,2,False,Z^1,False,<>,False,,,,,
aaaabaBAABB,,2,False,Z^1,False,<>,False,,,,,
aaaabaBABBB,,2,False,Z^1,False,<>,False,,,,,
aaaabaBBabb,,2,False,Z^1,False,<>,False,,,,,
aaaabaBBaBB,,2,False,Z^1+Z/3Z,False,<>,False,,,,,
aaaabaBBAbb,,2,False,Z^1,False,<>,False,,,,,
aaaabaBBAAb,,2,False,Z^1+Z/3Z,False,<>,False,,,,,
aaaabaBBABB,,2,False,Z^1,False,<>,False,,,,,
aaaabaBBBab,,2,False,Z^1,False,<>,True,m081,,,,
aaaabaBBBaB,,2,False,Z^1+Z/3Z,False,<>,False,,,,,
aaaabaBBBAb,,2,False,Z^1,False,<>,False,,,,,
aaaabaBBBAB,,2,False,Z^1,False,<>,False,,,,,
aaaabbaaabb,,2,False,Z^1,False,<aabbaaabaabbaaabABBAbABBAbaaabbaabaaabbaaaabaabaabaabaabaa>,True,,,,,
aaaabbaaaBB,,2,False,Z^1+Z/7Z,False,<>,False,,,,,
aaaabbaabaB,,2,False,Z^1,False,<>,False,,,,,
aaaabbaabbb,,2,False,Z^1,False,<>,False,,,,,
aaaabbaabAb,,2,False,Z^1,False,<>,False,,,,,
aaaabbaabAB,,2,False,Z^1,False,<>,False,,,,,
aaaabbaaBab,,2,False,Z^1,False,<>,False,,,,,
aaaabbaaBAb,,2,False,Z^1,False,<>,False,,,,,
aaaabbaaBAB,,2,False,Z^1+Z/5Z,False,<>,False,,,,,
aaaabbaaBBB,,2,False,Z^1,False,<>,False,,,,,
aaaabbabaaB,,2,False,Z^1,False,<>,False,,,,,
aaaabbabaBB,,2,False,Z^1,False,<>,False,,,,,
aaaabbabbaB,,2,False,Z^1+Z/3Z,False,<>,False,,,,,
aaaabbabbbb,,2,False,Z^1,False,<>,False,,,,,
aaaabbabbAb,,2,False,Z^1,False,<>,False,,,,,
aaaabbabbAB,,2,False,Z^1,False,<>,False,,,,,
aaaabbabAbb,,2,False,Z^1,False,<>,False,,,,,
aaaabbabAAb,,2,False,Z^1,False,<>,False,,,,,
aaaabbabAAB,,2,False,Z^1,False,<>,False,,,,,
aaaabbabABB,,2,False,Z^1,False,<>,False,,,,,
aaaabbaBaab,,2,False,Z^1,False,<>,False,,,,,
aaaabbaBabb,,2,False,Z^1+Z/3Z,False,<>,True,,,,,
aaaabbaBaBB,,2,False,Z^1,False,<>,False,,,,,
aaaabbaBAbb,,2,False,Z^1,False,<>,False,,,,,
aaaabbaBAAb,,2,False,Z^1,False,<>,False,,,,,
aaaabbaBAAB,,2,False,Z^1+Z/3Z,False,<>,False,,,,,
aaaabbaBABB,,2,False,Z^1,False,<>,False,,,,,
aaaabbaBBab,,2,False,Z^1,False,<>,False,,,,,
aaaabbaBBaB,,2,False,Z^1,False,<>,False,,,,,
aaaabbaBBAb,,2,False,Z^1,False,<>,False,,,,,
aaaabbaBBAB,,2,False,Z^1,False,<>,False,,,,,
aaaabbaBBBB,,2,False,Z^1,False,<>,False,,,,,
aaaabbbaaab,,2,False,Z^1,False,<>,False,,,,,
aaaabbbaaaB,,2,False,Z^1,False,<>,False,,,,,
aaaabbbaabb,,2,False,Z^1,False,<>,False,,,,,
aaaabbbaaBB,,2,False,Z^1,False,<>,False,,,,,
aaaabbbabaB,,2,False,Z^1+Z/3Z,False,<>,False,,,,,
aaaabbbabbb,,2,False,Z^1,False,<>,True,,,,,
aaaabbbabAb,,2,False,Z^1,False,<>,False,,,,,
aaaabbbabAB,,2,False,Z^1,False,<>,False,,,,,
aaaabbbaBab,,2,False,Z^1+Z/3Z,False,<>,False,,,,,
aaaabbbaBaB,,2,False,Z^1,False,<>,False,,,,,
aaaabbbaBAb,,2,False,Z^1,False,<>,False,,,,,
aaaabbbaBAB,,2,False,Z^1,False,<>,False,,,,,
aaaabbbaBBB,,2,False,Z^1+Z/5Z,False,<>,False,,,,,
aaaabbbbaaB,,2,False,Z^1+Z/3Z,False,<>,False,,,,,
aaaabbbbaBB,,2,False,Z^1,False,<>,False,,,,,
aaaabbbbAAB,,2,False,Z^1,False,<>,False,,,,,
aaaabbbbABB,,2,False,Z^1,False,<>,False,,,,,
aaaabbbAbab,,2,False,Z^1,False,<>,False,,,,,
aaaabbbAbaB,,2,False,Z^1,False,<>,False,,,,,
aaaabbbAbbb,,2,False,Z^1+Z/3Z,False,<>,True,,,,,
aaaabbbAbAb,,2,False,Z^1,False,<>,False,,,,,
aaaabbbAbAB,,2,False,Z^1,False,<>,False,,,,,
aaaabbbAAbb,,2,False,Z^1,False,<>,False,,,,,
aaaabbbAAAb,,2,False,Z^1,False,<>,False,,,,,
aaaabbbAAAB,,2,False,Z^1,False,<>,False,,,,,
aaaabbbAABB,,2,False,Z^1,False,<>,False,,,,,
aaaabbbABab,,2,False,Z^1,False,<>,False,,,,,
aaaabbbABaB,,2,False,Z^1,False,<>,False,,,,,
aaaabbbABAb,,2,False,Z^1,False,<>,False,,,,,
aaaabbbABAB,,2,False,Z^1,False,<>,False,,,,,
aaaabbbABBB,,2,False,Z^1+Z/3Z,False,<>,False,,,,,
aaaabbAbaab,,2,False,Z^1,False,<>,False,,,,,
aaaabbAbabb,,2,False,Z^1,False,<>,False,,,,,
aaaabbAbaBB,,2,False,Z^1,False,<>,False,,,,,
aaaabbAbbab,,2,False,Z^1,False,<>,False,,,,,
aaaabbAbbaB,,2,False,Z^1,False,<>,False,,,,,
aaaabbAbbAb,,2,False,Z^1,False,<>,False,,,,,
aaaabbAbbAB,,2,False,Z^1,False,<>,False,,,,,
aaaabbAbAbb,,2,False,Z^1,False,<>,True,m047,,,,
aaaabbAbABB,,2,False,Z^1,False,<>,False,,,,,
aaaabbAAbab,,2,False,Z^1,False,<>,False,,,,,
aaaabbAAbbb,,2,False,Z^1,False,<>,False,,,,,
aaaabbAAAbb,,2,False,Z^1,False,<>,True,,,,,
aaaabbAAAAb,,2,False,Z^1+Z/3Z,False,<>,False,,,,,
aaaabbAAAAB,,2,False,Z^1,False,<>,False,,,,,
aaaabbAAABB,,2,False,Z^1,False,<>,False,,,,,
aaaabbAABAB,,2,False,Z^1,False,<>,False,,,,,
aaaabbAABBB,,2,False,Z^1,False,<>,False,,,,,
aaaabbABabb,,2,False,Z^1,False,<>,False,,,,,
aaaabbABaBB,,2,False,Z^1,False,<>,False,,,,,
aaaabbABAbb,,2,False,Z^1,False,<>,True,m078,,,,
aaaabbABAAB,,2,False,Z^1,False,<>,False,,,,,
aaaabbABABB,,2,False,Z^1,False,<>,False,,,,,
aaaabbABBab,,2,False,Z^1,False,<>,False,,,,,
aaaabbABBaB,,2,False,Z^1,False,<>,False,,,,,
aaaabbABBAb,,2,False,Z^1,False,<>,False,,,,,
aaaabbABBAB,,2,False,Z^1,False,<>,False,,,,,
aaaabAbaabb,,2,False,Z^1,False,<>,False,,,,,
aaaabAbabbb,,2,False,Z^1,False,<>,False,,,,,
aaaabAbaBBB,,2,False,Z^1,False,<>,False,,,,,
aaaabAbbaab,,2,False,Z^1,False,<>,False,,,,,
aaaabAbbabb,,2,False,Z^1,False,<>,False,,,,,
aaaabAbbaBB,,2,False,Z^1,False,<>,False,,,,,
aaaabAbbbab,,2,False,Z^1,False,<>,False,,,,,
aaaabAbbbaB,,2,False,Z^1,False,<>,False,,,,,
aaaabAbbbAb,,2,False,Z^1,False,<>,True,m027,,,,
aaaabAbbbAB,,2,False,Z^1,False,<>,False,,,,,
aaaabAbbAbb,,2,False,Z^1,False,<>,False,,,,,
aaaabAbbABB,,2,False,Z^1,False,<>,False,,,,,
aaaabAbAbbb,,2,False,Z^1,False,<>,False,,,,,
aaaabAbABBB,,2,False,Z^1,False,<>,False,,,,,
aaaabAAbabb,,2,False,Z^1,False,<>,False,,,,,
aaaabAAbbab,,2,False,Z^1,False,<>,False,,,,,
aaaabAAAbbb,,2,False,Z^1,False,<>,False,,,,,
aaaabAAABBB,,2,False,Z^1,False,<>,False,,,,,
aaaabAABaBB,,2,False,Z^1,False,<>,False,,,,,
aaaabAABABB,,2,False,Z^1,False,<>,False,,,,,
aaaabAABBAb,,2,False,Z^1,False,<>,False,,,,,
aaaabABaaBB,,2,False,Z^1,False,<>,False,,,,,
aaaabABabaB,,2,False,Z^1+Z/5Z,False,<>,Unknown,,,,,
aaaabABabbb,,2,False,Z^1,False,<>,False,,,,,
aaaabABabAB,,2,False,Z^1+Z/3Z,False,<>,Unknown,,,,,
aaaabABaBBB,,2,False,Z^1,False,<>,False,,,,,
aaaabABAbaB,,2,False,Z^1+Z/3Z,False,<>,Unknown,,,,,
aaaabABAbbb,,2,False,Z^1,False,<>,False,,,,,
aaaabABAbAB,,2,False,Z^1,False,<>,Unknown,,,,,
aaaabABAABB,,2,False,Z^1,False,<>,False,,,,,
aaaabABABBB,,2,False,Z^1,False,<>,False,,,,,
aaaabABBabb,,2,False,Z^1,False,<>,False,,,,,
aaaabABBaBB,,2,False,Z^1,False,<>,False,,,,,
aaaabABBAbb,,2,False,Z^1,False,<>,False,,,,,
aaaabABBABB,,2,False,Z^1,False,<>,False,,,,,
aaaabABBBab,,2,False,Z^1,False,<>,False,,,,,
aaaabABBBaB,,2,False,Z^1,False,<>,False,,,,,
aaaabABBBAb,,2,False,Z^1,False,<>,True,m120,,,,
aaaabABBBAB,,2,False,Z^1,False,<>,False,,,,,
aaabaaabaBB,,2,False,Z^1+Z/7Z,False,<>,False,,,,,
aaabaaabbaB,,2,False,Z^1,False,<>,False,,,,,
aaabaaabbAB,,2,False,Z^1,False,<>,False,,,,,
aaabaaabABB,,2,False,Z^1+Z/5Z,False,<>,False,,,,,
aaabaaaBabb,,2,False,Z^1,False,<>,False,,,,,
aaabaaaBaBB,,2,False,Z^1,False,<>,False,,,,,
aaabaaaBAbb,,2,False,Z^1,False,<>,False,,,,,
aaabaaaBABB,,2,False,Z^1,False,<>,False,,,,,
aaabaabaaBB,,2,False,Z^1+Z/7Z,False,<>,False,,,,,
aaabaabaBBB,,2,False,Z^1,False,<>,False,,,,,
aaabaabbaaB,,2,False,Z^1,False,<>,False,,,,,
aaabaabbaBB,,2,False,Z^1,False,<>,False,,,,,
aaabaabbbaB,,2,False,Z^1+Z/3Z,False,<>,False,,,,,
aaabaabbbAb,,2,False,Z^1,False,<>,False,,,,,
aaabaabbbAB,,2,False,Z^1,False,<>,False,,,,,
aaabaabbAbb,,2,False,Z^1,False,<>,False,,,,,
aaabaabbAAB,,2,False,Z^1,False,<>,False,,,,,
aaabaabbABB,,2,False,Z^1,False,<>,False,,,,,
aaabaabAbbb,,2,False,Z^1,False,<>,False,,,,,
aaabaabAABB,,2,False,Z^1+Z/3Z,False,<>,False,,,,,
aaabaabABBB,,2,False,Z^1,False,<>,False,,,,,
aaabaaBaabb,,2,False,Z^1,False,<>,False,,,,,
aaabaaBaaBB,,2,False,Z^1,False,<>,False,,,,,
aaabaaBabaB,,2,False,Z^1+Z/7Z,False,<>,Unknown,,,,,
aaabaaBabbb,,2,False,Z^1+Z/3Z,False,<>,False,,,,,
aaabaaBabAB,,2,False,Z^1+Z/5Z,False,<>,Unknown,,,,,
aaabaaBaBBB,,2,False,Z^1+Z/3Z,False,<>,False,,,,,
aaabaaBAbaB,,2,False,Z^1+Z/5Z,False,<>,Unknown,,,,,
aaabaaBAbbb,,2,False,Z^1,False,<>,False,,,,,
aaabaaBAbAB,,2,False,Z^1+Z/3Z,False,<>,Unknown,,,,,
aaabaaBAAbb,,2,False,Z^1,False,<>,False,,,,,
aaabaaBAABB,,2,False,Z^1,False,<>,False,,,,,
aaabaaBABBB,,2,False,Z^1,False,<>,False,,,,,
aaabaaBBaab,,2,False,Z^1+Z/7Z,False,<>,True,,,,,
aaabaaBBabb,,2,False,Z^1,False,<>,False,,,,,
aaabaaBBaBB,,2,False,Z^1+Z/3Z,False,<>,False,,,,,
aaabaaBBAbb,,2,False,Z^1,False,<>,False,,,,,
aaabaaBBAAb,,2,False,Z^1+Z/3Z,False,<>,False,,,,,
aaabaaBBABB,,2,False,Z^1,False,<>,False,,,,,
aaabaaBBBab,,2,False,Z^1,False,<>,False,,,,,
aaabaaBBBaB,,2,False,Z^1+Z/3Z,False,<>,False,,,,,
aaabaaBBBAb,,2,False,Z^1,False,<>,False,,,,,
aaabaaBBBAB,,2,False,Z^1,False,<>,False,,,,,
aaababaaaBB,,2,False,Z^1+Z/7Z,False,<>,True,m030,,,,
aaababaaBBB,,2,False,Z^1,False,<>,False,,,,,
aaababaBaBB,,2,False,Z^1,False,<>,False,,,,,
aaababaBBaB,,2,False,Z^1,False,<>,False,,,,,
aaababbaaBB,,2,False,Z^1,False,<>,False,,,,,
aaababbaBaB,,2,False,Z^1,False,<>,False,,,,,
aaababbaBBB,,2,False,Z^1+Z/5Z,False,<>,False,,,,,
aaababbbaaB,,2,False,Z^1+Z/3Z,False,<>,False,,,,,
aaababbbaBB,,2,False,Z^1,False,<>,False,,,,,
aaababbbAAb,,2,False,Z^1,False,<>,False,,,,,
aaababbbAAB,,2,False,Z^1,False,<>,False,,,,,
aaababbbABB,,2,False,Z^1,False,<>,False,,,,,
aaababbAbaB,,2,False,Z^1,False,<>,False,,,,,
aaababbAbbb,,2,False,Z^1+Z/3Z,False,<>,False,,,,,
aaababbAbAb,,2,False,Z^1,False,<>,False,,,,,
aaababbAbAB,,2,False,Z^1,False,<>,False,,,,,
aaababbAAbb,,2,False,Z^1,False,<>,False,,,,,
aaababbAAAB,,2,False,Z^1,False,<>,False,,,,,
aaababbAABB,,2,False,Z^1,False,<>,False,,,,,
aaababbABaB,,2,False,Z^1,False,<>,False,,,,,
aaababbABBB,,2,False,Z^1+Z/3Z,False,<>,False,,,,,
aaababAbaBB,,2,False,Z^1,False,<>,False,,,,,
aaababAbbaB,,2,False,Z^1,False,<>,False,,,,,
aaababAbbAb,,2,False,Z^1,False,<>,False,,,,,
aaababAbbAB,,2,False,Z^1,False,<>,False,,,,,
aaababAbAbb,,2,False,Z^1,False,<>,False,,,,,
aaababAbABB,,2,False,Z^1,False,<>,False,,,,,
aaababAAbbb,,2,False,Z^1,False,<>,False,,,,,
aaababAAABB,,2,False,Z^1,False,<>,False,,,,,
aaababAABBB,,2,False,Z^1,False,<>,False,,,,,
aaababABaBB,,2,False,Z^1,False,<>,False,,,,,
aaababABBaB,,2,False,Z^1,False,<>,False,,,,,
aaabaBaaabb,,2,False,Z^1,False,<>,False,,,,,
aaabaBaaaBB,,2,False,Z^1,False,<>,False,,,,,
aaabaBaabaB,,2,False,Z^1+Z/7Z,False,<>,Unknown,,,,,
aaabaBaabbb,,2,False,Z^1+Z/3Z,False,<>,False,,,,,
aaabaBaabAB,,2,False,Z^1+Z/5Z,False,<>,Unknown,,,,,
aaabaBaaBBB,,2,False,Z^1+Z/3Z,False,<>,False,,,,,
aaabaBabaaB,,2,False,Z^1+Z/7Z,False,<>,Unknown,,,,,
aaabaBabaBB,,2,False,Z^1,False,<>,False,,,,,
aaabaBabbaB,,2,False,Z^1,False,<>,False,,,,,
aaabaBabbAb,,2,False,Z^1,False,<>,False,,,,,
aaabaBabbAB,,2,False,Z^1,False,<>,False,,,,,
aaabaBabAbb,,2,False,Z^1,False,<>,False,,,,,
aaabaBabAAB,,2,False,Z^1+Z/3Z,False,<>,Unknown,,,,,
aaabaBabABB,,2,False,Z^1,False,<>,False,,,,,
aaabaBaBabb,,2,False,Z^1,False,<>,False,,,,,
aaabaBaBAbb,,2,False,Z^1,False,<>,False,,,,,
aaabaBaBABB,,2,False,Z^1,False,<>,False,,,,,
aaabaBaBBab,,2,False,Z^1,False,<>,False,,,,,
aaabaBaBBAb,,2,False,Z^1,False,<>,False,,,,,
aaabaBaBBAB,,2,False,Z^1,False,<>,False,,,,,
aaabaBAbaaB,,2,False,Z^1+Z/5Z,False,<>,Unknown,,,,,
aaabaBAbaBB,,2,False,Z^1,False,<>,False,,,,,
aaabaBAbbaB,,2,False,Z^1,False,<>,False,,,,,
aaabaBAbbAb,,2,False,Z^1,False,<>,False,,,,,
aaabaBAbbAB,,2,False,Z^1,False,<>,False,,,,,
aaabaBAbAbb,,2,False,Z^1,False,<>,False,,,,,
aaabaBAbAAB,,2,False,Z^1,False,<>,Unknown,,,,,
aaabaBAbABB,,2,False,Z^1,False,<>,False,,,,,
aaabaBAAbaB,,2,False,Z^1+Z/3Z,False,<>,Unknown,,,,,
aaabaBAAbbb,,2,False,Z^1,False,<>,False,,,,,
aaabaBAAbAB,,2,False,Z^1,False,<>,Unknown,,,,,
aaabaBAABBB,,2,False,Z^1,False,<>,False,,,,,
aaabaBABaBB,,2,False,Z^1,False,<>,False,,,,,
aaabaBABBaB,,2,False,Z^1,False,<>,False,,,,,
aaabaBBaabb,,2,False,Z^1,False,<>,False,,,,,
aaabaBBaaBB,,2,False,Z^1+Z/3Z,False,<>,False,,,,,
aaabaBBabaB,,2,False,Z^1,False,<>,False,,,,,
aaabaBBabbb,,2,False,Z^1,False,<>,False,,,,,
aaabaBBabAb,,2,False,Z^1,False,<>,False,,,,,
aaabaBBabAB,,2,False,Z^1,False,<>,False,,,,,
aaabaBBaBab,,2,False,Z^1,False,<>,False,,,,,
aaabaBBaBAb,,2,False,Z^1,False,<>,False,,,,,
aaabaBBaBAB,,2,False,Z^1,False,<>,False,,,,,
aaabaBBaBBB,,2,False,Z^1,False,<>,False,,,,,
aaabaBBAbaB,,2,False,Z^1,False,<>,False,,,,,
aaabaBBAbbb,,2,False,Z^1,False,<>,False,,,,,
aaabaBBAbAb,,2,False,Z^1,False,<>,False,,,,,
aaabaBBAbAB,,2,False,Z^1,False,<>,False,,,,,
aaabaBBAAbb,,2,False,Z^1,False,<>,False,,,,,
aaabaBBAAAb,,2,False,Z^1,False,<>,False,,,,,
aaabaBBAABB,,2,False,Z^1,False,<>,False,,,,,
aaabaBBABaB,,2,False,Z^1,False,<>,False,,,,,
aaabaBBABBB,,2,False,Z^1,False,<>,False,,,,,
aaabaBBBaab,,2,False,Z^1,False,<>,False,,,,,
aaabaBBBaaB,,2,False,Z^1+Z/3Z,False,<>,False,,,,,
aaabaBBBabb,,2,False,Z^1+Z/5Z,False,<>,False,,,,,
aaabaBBBAbb,,2,False,Z^1+Z/3Z,False,<>,False,,,,,
aaabaBBBAAb,,2,False,Z^1,False,<>,False,,,,,
aaabaBBBAAB,,2,False,Z^1,False,<>,False,,,,,
aaabbaaabbb,,2,False,Z^1,False,<bbaaabbaabbaaabbaabbaaabbbabab>,True,,,,,
aaabbaaabAB,,2,False,Z^1,False,<>,False,,,,,
aaabbaaaBAb,,2,False,Z^1,False,<>,False,,,,,
aaabbaaaBAB,,2,False,Z^1+Z/5Z,False,<>,True,m029,,,,
aaabbaaaBBB,,2,False,Z^1,False,<>,True,,,,,
aaabbaabaaB,,2,False,Z^1,False,<>,False,,,,,
aaabbaabaBB,,2,False,Z^1,False,<>,False,,,,,
aaabbaabbaB,,2,False,Z^1+Z/3Z,False,<>,False,,,,,
aaabbaabbAb,,2,False,Z^1,False,<>,False,,,,,
aaabbaabbAB,,2,False,Z^1,False,<>,False,,,,,
aaabbaabAbb,,2,False,Z^1,False,<>,False,,,,,
aaabbaabAAB,,2,False,Z^1,False,<>,False,,,,,
aaabbaabABB,,2,False,Z^1,False,<>,False,,,,,
aaabbaaBaab,,2,False,Z^1,False,<>,False,,,,,
aaabbaaBabb,,2,False,Z^1+Z/3Z,False,<>,False,,,,,
aaabbaaBaBB,,2,False,Z^1,False,<>,False,,,,,
aaabbaaBAbb,,2,False,Z^1,False,<>,False,,,,,
aaabbaaBAAb,,2,False,Z^1,False,<>,False,,,,,
aaabbaaBAAB,,2,False,Z^1+Z/3Z,False,<>,False,,,,,
aaabbaaBABB,,2,False,Z^1,False,<>,False,,,,,
aaabbaaBBab,,2,False,Z^1,False,<>,False,,,,,
aaabbaaBBaB,,2,False,Z^1,False,<>,False,,,,,
aaabbaaBBAb,,2,False,Z^1,False,<>,False,,,,,
aaabbaaBBAB,,2,False,Z^1,False,<>,False,,,,,
aaabbabaaBB,,2,False,Z^1,False,<>,False,,,,,
aaabbabaBaB,,2,False,Z^1,False,<>,False,,,,,
aaabbabaBBB,,2,False,Z^1+Z/5Z,False,<>,False,,,,,
aaabbabbaaB,,2,False,Z^1+Z/3Z,False,<>,False,,,,,
aaabbabbaBB,,2,False,Z^1,False,<>,False,,,,,
aaabbabbbaB,,2,False,Z^1,False,<>,False,,,,,
aaabbabbbAB,,2,False,Z^1,False,<>,False,,,,,
aaabbabbAbb,,2,False,Z^1+Z/3Z,False,<>,False,,,,,
aaabbabbAAb,,2,False,Z^1,False,<>,False,,,,,
aaabbabbAAB,,2,False,Z^1,False,<>,False,,,,,
aaabbabbABB,,2,False,Z^1,False,<>,False,,,,,
aaabbabAbaB,,2,False,Z^1,False,<>,False,,,,,
aaabbabAbbb,,2,False,Z^1+Z/3Z,False,<>,False,,,,,
aaabbabAbAb,,2,False,Z^1,False,<>,False,,,,,
aaabbabAbAB,,2,False,Z^1,False,<>,False,,,,,
aaabbabAAbb,,2,False,Z^1,False,<>,False,,,,,
aaabbabAAAB,,2,False,Z^1,False,<>,False,,,,,
aaabbabAABB,,2,False,Z^1,False,<>,False,,,,,
aaabbabABaB,,2,False,Z^1,False,<>,False,,,,,
aaabbabABBB,,2,False,Z^1+Z/3Z,False,<>,False,,,,,
aaabbaBaabb,,2,False,Z^1+Z/3Z,False,<>,False,,,,,
aaabbaBaaBB,,2,False,Z^1,False,<>,False,,,,,
aaabbaBabaB,,2,False,Z^1,False,<>,False,,,,,
aaabbaBabbb,,2,False,Z^1,False,<>,False,,,,,
aaabbaBabAb,,2,False,Z^1,False,<>,False,,,,,
aaabbaBabAB,,2,False,Z^1,False,<>,False,,,,,
aaabbaBaBab,,2,False,Z^1,False,<>,False,,,,,
aaabbaBaBAb,,2,False,Z^1,False,<>,False,,,,,
aaabbaBaBAB,,2,False,Z^1,False,<>,False,,,,,
aaabbaBaBBB,,2,False,Z^1,False,<>,False,,,,,
aaabbaBAbaB,,2,False,Z^1,False,<>,False,,,,,
aaabbaBAbbb,,2,False,Z^1,False,<>,False,,,,,
aaabbaBAbAb,,2,False,Z^1,False,<>,False,,,,,
aaabbaBAbAB,,2,False,Z^1,False,<>,False,,,,,
aaabbaBAAbb,,2,False,Z^1,False,<>,False,,,,,
aaabbaBAAAB,,2,False,Z^1,False,<>,False,,,,,
aaabbaBAABB,,2,False,Z^1,False,<>,False,,,,,
aaabbaBABaB,,2,False,Z^1,False,<>,False,,,,,
aaabbaBABBB,,2,False,Z^1,False,<>,False,,,,,
aaabbaBBaab,,2,False,Z^1,False,<>,False,,,,,
aaabbaBBaaB,,2,False,Z^1,False,<>,False,,,,,
aaabbaBBabb,,2,False,Z^1,False,<>,False,,,,,
aaabbaBBaBB,,2,False,Z^1,False,<>,False,,,,,
aaabbaBBAbb,,2,False,Z^1,False,<>,False,,,,,
aaabbaBBAAb,,2,False,Z^1,False,<>,False,,,,,
aaabbaBBAAB,,2,False,Z^1,False,<>,False,,,,,
aaabbaBBABB,,2,False,Z^1,False,<>,False,,,,,
aaabbaBBBab,,2,False,Z^1+Z/5Z,False,<>,False,,,,,
aaabbaBBBAb,,2,False,Z^1+Z/3Z,False,<>,False,,,,,
aaabbbaaBab,,2,False,Z^1+Z/3Z,False,<>,False,,,,,
aaabbbaaBaB,,2,False,Z^1,False,<>,False,,,,,
aaabbbaaBAb,,2,False,Z^1,False,<>,False,,,,,
aaabbbaaBAB,,2,False,Z^1,False,<>,False,,,,,
aaabbbaaBBB,,2,False,Z^1+Z/5Z,False,<>,False,,,,,
aaabbbaBaab,,2,False,Z^1+Z/3Z,False,<>,False,,,,,
aaabbbaBaaB,,2,False,Z^1,False,<>,False,,,,,
aaabbbaBabb,,2,False,Z^1,False,<>,False,,,,,
aaabbbaBaBB,,2,False,Z^1+Z/5Z,False,<>,False,,,,,
aaabbbaBAbb,,2,False,Z^1,False,<>,False,,,,,
aaabbbaBAAb,,2,False,Z^1,False,<>,False,,,,,
aaabbbaBAAB,,2,False,Z^1,False,<>,False,,,,,
aaabbbaBABB,,2,False,Z^1+Z/3Z,False,<>,False,,,,,
aaabbbaBBab,,2,False,Z^1,False,<>,False,,,,,
aaabbbaBBaB,,2,False,Z^1+Z/5Z,False,<>,False,,,,,
aaabbbaBBAb,,2,False,Z^1,False,<>,False,,,,,
aaabbbaBBAB,,2,False,Z^1+Z/3Z,False,<>,False,,,,,
aaabbbAAABB,,2,False,Z^1,False,<>,False,,,,,
aaabbbAABab,,2,False,Z^1,False,<>,False,,,,,
aaabbbAABaB,,2,False,Z^1,False,<>,False,,,,,
aaabbbAABAb,,2,False,Z^1+Z/3Z,False,<>,False,,,,,
aaabbbAABAB,,2,False,Z^1,False,<>,False,,,,,
aaabbbABaab,,2,False,Z^1,False,<>,False,,,,,
aaabbbABaaB,,2,False,Z^1,False,<>,False,,,,,
aaabbbABabb,,2,False,Z^1,False,<>,False,,,,,
aaabbbABaBB,,2,False,Z^1+Z/3Z,False,<>,False,,,,,
aaabbbABAbb,,2,False,Z^1,False,<>,False,,,,,
aaabbbABAAb,,2,False,Z^1+Z/3Z,False,<>,False,,,,,
aaabbbABAAB,,2,False,Z^1,False,<>,False,,,,,
aaabbbABABB,,2,False,Z^1,False,<>,False,,,,,
aaabbbABBab,,2,False,Z^1,False,<>,False,,,,,
aaabbbABBaB,,2,False,Z^1+Z/3Z,False,<>,False,,,,,
aaabbbABBAb,,2,False,Z^1,False,<>,False,,,,,
aaabbbABBAB,,2,False,Z^1,False,<>,False,,,,,
aaabbAbaabb,,2,False,Z^1,False,<>,False,,,,,
aaabbAbaaBB,,2,False,Z^1,False,<>,False,,,,,
aaabbAbabaB,,2,False,Z^1,False,<>,False,,,,,
aaabbAbabAb,,2,False,Z^1,False,<>,False,,,,,
aaabbAbabAB,,2,False,Z^1,False,<>,False,,,,,
aaabbAbaBab,,2,False,Z^1,False,<>,False,,,,,
aaabbAbaBAb,,2,False,Z^1,False,<>,False,,,,,
aaabbAbaBAB,,2,False,Z^1,False,<>,False,,,,,
aaabbAbbaab,,2,False,Z^1,False,<>,False,,,,,
aaabbAbbaaB,,2,False,Z^1,False,<>,False,,,,,
aaabbAbbabb,,2,False,Z^1+Z/3Z,False,<>,False,,,,,
aaabbAbbaBB,,2,False,Z^1,False,<>,False,,,,,
aaabbAbbbaB,,2,False,Z^1,False,<>,False,,,,,
aaabbAbbbAB,,2,False,Z^1,False,<>,False,,,,,
aaabbAbbAbb,,2,False,Z^1,False,<>,True,,,,,
aaabbAbbAAb,,2,False,Z^1+Z/5Z,False,<>,False,,,,,
aaabbAbbAAB,,2,False,Z^1+Z/3Z,False,<>,False,,,,,
aaabbAbbABB,,2,False,Z^1,False,<>,False,,,,,
aaabbAbAbab,,2,False,Z^1,False,<>,False,,,,,
aaabbAbAAbb,,2,False,Z^1+Z/5Z,False,<>,False,,,,,
aaabbAbAABB,,2,False,Z^1,False,<>,False,,,,,
aaabbAbABab,,2,False,Z^1,False,<>,False,,,,,
aaabbAbABAb,,2,False,Z^1+Z/3Z,False,<>,False,,,,,
aaabbAbABAB,,2,False,Z^1,False,<>,False,,,,,
aaabbAAbabb,,2,False,Z^1,False,<>,False,,,,,
aaabbAAbaBB,,2,False,Z^1,False,<>,False,,,,,
aaabbAAbbab,,2,False,Z^1,False,<>,False,,,,,
aaabbAAbbaB,,2,False,Z^1,False,<>,False,,,,,
aaabbAAbbAb,,2,False,Z^1+Z/5Z,False,<>,False,,,,,
aaabbAAbbAB,,2,False,Z^1+Z/3Z,False,<>,False,,,,,
aaabbAAbAbb,,2,False,Z^1+Z/5Z,False,<>,False,,,,,
aaabbAAbABB,,2,False,Z^1,False,<>,False,,,,,
aaabbAABabb,,2,False,Z^1,False,<>,False,,,,,
aaabbAABaBB,,2,False,Z^1,False,<>,False,,,,,
aaabbAABAbb,,2,False,Z^1+Z/3Z,False,<>,False,,,,,
aaabbAABAAB,,2,False,Z^1,False,<>,False,,,,,
aaabbAABABB,,2,False,Z^1,False,<>,False,,,,,
aaabbAABBab,,2,False,Z^1,False,<>,False,,,,,
aaabbAABBaB,,2,False,Z^1,False,<>,False,,,,,
aaabbAABBAb,,2,False,Z^1,False,<>,False,,,,,
aaabbAABBAB,,2,False,Z^1,False,<>,False,,,,,
aaabbABaabb,,2,False,Z^1,False,<>,False,,,,,
aaabbABaaBB,,2,False,Z^1,False,<>,False,,,,,
aaabbABabaB,,2,False,Z^1,False,<>,False,,,,,
aaabbABabAb,,2,False,Z^1,False,<>,False,,,,,
aaabbABabAB,,2,False,Z^1,False,<>,False,,,,,
aaabbABaBab,,2,False,Z^1,False,<>,False,,,,,
aaabbABaBAb,,2,False,Z^1,False,<>,False,,,,,
aaabbABaBAB,,2,False,Z^1,False,<>,False,,,,,
aaabbABAbaB,,2,False,Z^1,False,<>,False,,,,,
aaabbABAbAb,,2,False,Z^1+Z/3Z,False,<>,False,,,,,
aaabbABAbAB,,2,False,Z^1,False,<>,False,,,,,
aaabbABAAbb,,2,False,Z^1+Z/3Z,False,<>,False,,,,,
aaabbABAABB,,2,False,Z^1,False,<>,False,,,,,
aaabbABABaB,,2,False,Z^1,False,<>,False,,,,,
aaabbABBaab,,2,False,Z^1,False,<>,False,,,,,
aaabbABBaaB,,2,False,Z^1,False,<>,False,,,,,
aaabbABBabb,,2,False,Z^1,False,<>,False,,,,,
aaabbABBaBB,,2,False,Z^1,False,<>,False,,,,,
aaabbABBAbb,,2,False,Z^1,False,<>,False,,,,,
aaabbABBAAb,,2,False,Z^1,False,<>,False,,,,,
aaabbABBAAB,,2,False,Z^1,False,<>,False,,,,,
aaabbABBABB,,2,False,Z^1,False,<>,False,,,,,
aaabbABBBab,,2,False,Z^1+Z/3Z,False,<>,False,,,,,
aaabbABBBAb,,2,False,Z^1,False,<>,False,,,,,
aaabAbabaBB,,2,False,Z^1,False,<>,False,,,,,
aaabAbabbaB,,2,False,Z^1,False,<>,False,,,,,
aaabAbabbAb,,2,False,Z^1,False,<>,False,,,,,
aaabAbabbAB,,2,False,Z^1,False,<>,False,,,,,
aaabAbabAbb,,2,False,Z^1,False,<>,False,,,,,
aaabAbabABB,,2,False,Z^1,False,<>,False,,,,,
aaabAbaBabb,,2,False,Z^1,False,<>,False,,,,,
aaabAbaBAbb,,2,False,Z^1,False,<>,False,,,,,
aaabAbaBABB,,2,False,Z^1,False,<>,False,,,,,
aaabAbaBBab,,2,False,Z^1,False,<>,False,,,,,
aaabAbaBBAb,,2,False,Z^1,False,<>,False,,,,,
aaabAbaBBAB,,2,False,Z^1,False,<>,False,,,,,
aaabAbbaabb,,2,False,Z^1,False,<>,False,,,,,
aaabAbbaaBB,,2,False,Z^1,False,<>,False,,,,,
aaabAbbabaB,,2,False,Z^1,False,<>,False,,,,,
aaabAbbabAb,,2,False,Z^1,False,<>,False,,,,,
aaabAbbabAB,,2,False,Z^1,False,<>,False,,,,,
aaabAbbaBab,,2,False,Z^1,False,<>,False,,,,,
aaabAbbaBAb,,2,False,Z^1,False,<>,False,,,,,
aaabAbbaBAB,,2,False,Z^1,False,<>,False,,,,,
aaabAbbbaBB,,2,False,Z^1,False,<>,False,,,,,
aaabAbbbABB,,2,False,Z^1,False,<>,False,,,,,
aaabAbbAbab,,2,False,Z^1,False,<>,False,,,,,
aaabAbbAAbb,,2,False,Z^1+Z/5Z,False,<>,False,,,,,
aaabAbbAABB,,2,False,Z^1,False,<>,False,,,,,
aaabAbbABab,,2,False,Z^1,False,<>,False,,,,,
aaabAbbABAb,,2,False,Z^1+Z/3Z,False,<>,False,,,,,
aaabAbbABAB,,2,False,Z^1,False,<>,False,,,,,
aaabAbAbabb,,2,False,Z^1,False,<>,False,,,,,
aaabAbAbbab,,2,False,Z^1,False,<>,False,,,,,
aaabAbABabb,,2,False,Z^1,False,<>,False,,,,,
aaabAbABAbb,,2,False,Z^1+Z/3Z,False,<>,False,,,,,
aaabAbABABB,,2,False,Z^1,False,<>,False,,,,,
aaabAbABBab,,2,False,Z^1,False,<>,False,,,,,
aaabAbABBAb,,2,False,Z^1,False,<>,False,,,,,
aaabAbABBAB,,2,False,Z^1,False,<>,False,,,,,
aaabAAbbabb,,2,False,Z^1,False,<>,False,,,,,
aaabAAbbaBB,,2,False,Z^1,False,<>,False,,,,,
aaabAAbbbAB,,2,False,Z^1+Z/3Z,False,<>,False,,,,,
aaabAAbbAbb,,2,False,Z^1+Z/5Z,False,<>,False,,,,,
aaabAAbbABB,,2,False,Z^1,False,<>,False,,,,,
aaabAABaaBB,,2,False,Z^1,False,<>,False,,,,,
aaabAABabaB,,2,False,Z^1+Z/3Z,False,<>,Unknown,,,,,
aaabAABabAB,,2,False,Z^1,False,<>,Unknown,,,,,
aaabAABAbaB,,2,False,Z^1,False,<>,Unknown,,,,,
aaabAABAbAB,,2,False,Z^1,False,<>,Unknown,,,,,
aaabAABAABB,,2,False,Z^1,False,<>,False,,,,,
aaabAABBabb,,2,False,Z^1,False,<>,False,,,,,
aaabAABBaBB,,2,False,Z^1,False,<>,False,,,,,
aaabAABBAbb,,2,False,Z^1,False,<>,False,,,,,
aaabAABBAAb,,2,False,Z^1,False,<>,True,m015,K3_2,5_2,,
aaabAABBABB,,2,False,Z^1+Z/3Z,False,<>,False,,,,,
aaabAABBBAb,,2,False,Z^1,False,<>,False,,,,,
aaabABaabaB,,2,False,Z^1+Z/5Z,False,<>,Unknown,,,,,
aaabABaabAB,,2,False,Z^1+Z/3Z,False,<>,Unknown,,,,,
aaabABabaaB,,2,False,Z^1+Z/5Z,False,<>,Unknown,,,,,
aaabABabaBB,,2,False,Z^1,False,<>,False,,,,,
aaabABabbaB,,2,False,Z^1,False,<>,False,,,,,
aaabABabbAb,,2,False,Z^1,False,<>,False,,,,,
aaabABabbAB,,2,False,Z^1,False,<>,False,,,,,
aaabABabAbb,,2,False,Z^1,False,<>,False,,,,,
aaabABabAAB,,2,False,Z^1,False,<>,Unknown,,,,,
aaabABabABB,,2,False,Z^1,False,<>,False,,,,,
aaabABaBabb,,2,False,Z^1,False,<>,False,,,,,
aaabABaBAbb,,2,False,Z^1,False,<>,False,,,,,
aaabABaBABB,,2,False,Z^1,False,<>,False,,,,,
aaabABaBBab,,2,False,Z^1,False,<>,False,,,,,
aaabABaBBAb,,2,False,Z^1,False,<>,False,,,,,
aaabABaBBAB,,2,False,Z^1,False,<>,False,,,,,
aaabABAbaaB,,2,False,Z^1+Z/3Z,False,<>,Unknown,,,,,
aaabABAbaBB,,2,False,Z^1,False,<>,False,,,,,
aaabABAbbaB,,2,False,Z^1,False,<>,False,,,,,
aaabABAbbAb,,2,False,Z^1+Z/3Z,False,<>,False,,,,,
aaabABAbbAB,,2,False,Z^1,False,<>,False,,,,,
aaabABAbAbb,,2,False,Z^1+Z/3Z,False,<>,False,,,,,
aaabABAbAAB,,2,False,Z^1,False,<>,Unknown,,,,,
aaabABAbABB,,2,False,Z^1,False,<>,False,,,,,
aaabABAAbaB,,2,False,Z^1,False,<>,Unknown,,,,,
aaabABAAbAB,,2,False,Z^1,False,<>,Unknown,,,,,
aaabABABaBB,,2,False,Z^1,False,<>,False,,,,,
aaabABABBaB,,2,False,Z^1,False,<>,False,,,,,
aaabABBaabb,,2,False,Z^1,False,<>,False,,,,,
aaabABBaaBB,,2,False,Z^1,False,<>,False,,,,,
aaabABBabaB,,2,False,Z^1,False,<>,False,,,,,
aaabABBabAb,,2,False,Z^1,False,<>,False,,,,,
aaabABBabAB,,2,False,Z^1,False,<>,False,,,,,
aaabABBaBab,,2,False,Z^1,False,<>,False,,,,,
aaabABBaBAb,,2,False,Z^1,False,<>,False,,,,,
aaabABBaBAB,,2,False,Z^1,False,<>,False,,,,,
aaabABBAbaB,,2,False,Z^1,False,<>,False,,,,,
aaabABBAbAb,,2,False,Z^1,False,<>,False,,,,,
aaabABBAbAB,,2,False,Z^1,False,<>,False,,,,,
aaabABBAAbb,,2,False,Z^1,False,<>,False,,,,,
aaabABBAABB,,2,False,Z^1+Z/3Z,False,<>,False,,,,,
aaabABBABaB,,2,False,Z^1,False,<>,False,,,,,
aabaabaBaBB,,2,False,Z^1,False,<>,False,,,,,
aabaabaBBaB,,2,False,Z^1,False,<>,False,,,,,
aabaabbaaBB,,2,False,Z^1,False,<>,False,,,,,
aabaabbaBaB,,2,False,Z^1,False,<>,False,,,,,
aabaabbAbaB,,2,False,Z^1,False,<>,False,,,,,
aabaabbAbAb,,2,False,Z^1,False,<>,False,,,,,
aabaabbAbAB,,2,False,Z^1,False,<>,False,,,,,
aabaabbAAbb,,2,False,Z^1,False,<>,False,,,,,
aabaabbAABB,,2,False,Z^1,False,<>,False,,,,,
aabaabbABaB,,2,False,Z^1,False,<>,False,,,,,
aabaabAbaBB,,2,False,Z^1,False,<>,False,,,,,
aabaabAbbaB,,2,False,Z^1,False,<>,False,,,,,
aabaabAbbAb,,2,False,Z^1,False,<>,True,m019,,,,
aabaabAbbAB,,2,False,Z^1,False,<>,False,,,,,
aabaabAbAbb,,2,False,Z^1,False,<>,False,,,,,
aabaabAbABB,,2,False,Z^1,False,<>,False,,,,,
aabaabABaBB,,2,False,Z^1,False,<>,False,,,,,
aabaabABBaB,,2,False,Z^1,False,<>,False,,,,,
aabaaBaabaB,,2,False,Z^1+Z/7Z,False,<>,Unknown,,,,,
aabaaBaabAB,,2,False,Z^1+Z/5Z,False,<>,Unknown,,,,,
aabaaBabaBB,,2,False,Z^1,False,<>,False,,,,,
aabaaBabbaB,,2,False,Z^1,False,<>,False,,,,,
aabaaBabbAb,,2,False,Z^1,False,<>,False,,,,,
aabaaBabbAB,,2,False,Z^1,False,<>,False,,,,,
aabaaBabAbb,,2,False,Z^1,False,<>,False,,,,,
aabaaBabAAB,,2,False,Z^1+Z/3Z,False,<>,Unknown,,,,,
aabaaBabABB,,2,False,Z^1,False,<>,False,,,,,
aabaaBaBabb,,2,False,Z^1,False,<>,False,,,,,
aabaaBaBAbb,,2,False,Z^1,False,<>,False,,,,,
aabaaBaBABB,,2,False,Z^1,False,<>,False,,,,,
aabaaBaBBab,,2,False,Z^1,False,<>,False,,,,,
aabaaBaBBAb,,2,False,Z^1,False,<>,False,,,,,
aabaaBaBBAB,,2,False,Z^1,False,<>,False,,,,,
aabaaBAbaBB,,2,False,Z^1,False,<>,False,,,,,
aabaaBAbbaB,,2,False,Z^1,False,<>,False,,,,,
aabaaBAbbAb,,2,False,Z^1,False,<>,False,,,,,
aabaaBAbbAB,,2,False,Z^1,False,<>,False,,,,,
aabaaBAbAbb,,2,False,Z^1,False,<>,False,,,,,
aabaaBAbAAB,,2,False,Z^1,False,<>,Unknown,,,,,
aabaaBAbABB,,2,False,Z^1,False,<>,False,,,,,
aabaaBAAbaB,,2,False,Z^1+Z/3Z,False,<>,Unknown,,,,,
aabaaBAAbAB,,2,False,Z^1,False,<>,Unknown,,,,,
aabaaBABaBB,,2,False,Z^1,False,<>,False,,,,,
aabaaBABBaB,,2,False,Z^1,False,<>,False,,,,,
aabaaBBaabb,,2,False,Z^1,False,<>,False,,,,,
aabaaBBaaBB,,2,False,Z^1+Z/3Z,False,<>,True,,,,,
aabaaBBabaB,,2,False,Z^1,False,<>,False,,,,,
aabaaBBabAb,,2,False,Z^1,False,<>,False,,,,,
aabaaBBabAB,,2,False,Z^1,False,<>,False,,,,,
aabaaBBaBab,,2,False,Z^1,False,<>,False,,,,,
aabaaBBaBAb,,2,False,Z^1,False,<>,False,,,,,
aabaaBBaBAB,,2,False,Z^1,False,<>,False,,,,,
aabaaBBAbaB,,2,False,Z^1,False,<>,False,,,,,
aabaaBBAbAb,,2,False,Z^1,False,<>,False,,,,,
aabaaBBAbAB,,2,False,Z^1,False,<>,False,,,,,
aabaaBBAAbb,,2,False,Z^1,False,<>,False,,,,,
aabaaBBAABB,,2,False,Z^1,False,<>,False,,,,,
aabaaBBABaB,,2,False,Z^1,False,<>,False,,,,,
aababaaBaBB,,2,False,Z^1,False,<>,False,,,,,
aababaaBBaB,,2,False,Z^1,False,<>,False,,,,,
aababaBaaBB,,2,False,Z^1,False,<>,False,,,,,
aababbaBaBB,,2,False,Z^1+Z/5Z,False,<>,False,,,,,
aababbaBBaB,,2,False,Z^1+Z/5Z,False,<>,False,,,,,
aababbAbaBB,,2,False,Z^1,False,<>,False,,,,,
aababbAbAAB,,2,False,Z^1+Z/3Z,False,<>,False,,,,,
aababbAbABB,,2,False,Z^1,False,<>,False,,,,,
aababbAAbaB,,2,False,Z^1,False,<>,False,,,,,
aababbAAbAb,,2,False,Z^1+Z/5Z,False,<>,False,,,,,
aababbAAbAB,,2,False,Z^1+Z/3Z,False,<>,False,,,,,
aababbAABaB,,2,False,Z^1,False,<>,False,,,,,
aababbABaBB,,2,False,Z^1+Z/3Z,False,<>,False,,,,,
aababAbaaBB,,2,False,Z^1,False,<>,False,,,,,
aababAbbaBB,,2,False,Z^1,False,<>,False,,,,,
aababAbbAAb,,2,False,Z^1+Z/5Z,False,<>,False,,,,,
aababAbbAAB,,2,False,Z^1+Z/3Z,False,<>,False,,,,,
aababAbbABB,,2,False,Z^1,False,<>,False,,,,,
aababAbAAbb,,2,False,Z^1+Z/5Z,False,<>,False,,,,,
aababAbAABB,,2,False,Z^1,False,<>,False,,,,,
aababAAbaBB,,2,False,Z^1,False,<>,False,,,,,
aababAAbbaB,,2,False,Z^1,False,<>,False,,,,,
aababAAbbAb,,2,False,Z^1+Z/5Z,False,<>,False,,,,,
aababAAbbAB,,2,False,Z^1+Z/3Z,False,<>,False,,,,,
aababAAbABB,,2,False,Z^1,False,<>,False,,,,,
aababAABaBB,,2,False,Z^1,False,<>,False,,,,,
aababABaaBB,,2,False,Z^1,False,<>,False,,,,,
aabaBaabaBB,,2,False,Z^1,False,<>,False,,,,,
aabaBaabbaB,,2,False,Z^1,False,<>,False,,,,,
aabaBaabbAb,,2,False,Z^1,False,<>,False,,,,,
aabaBaabbAB,,2,False,Z^1,False,<>,False,,,,,
aabaBaabAbb,,2,False,Z^1,False,<>,False,,,,,
aabaBaabAAB,,2,False,Z^1+Z/3Z,False,<>,Unknown,,,,,
aabaBaabABB,,2,False,Z^1,False,<>,False,,,,,
aabaBaaBabb,,2,False,Z^1,False,<>,False,,,,,
aabaBaaBAbb,,2,False,Z^1,False,<>,False,,,,,
aabaBaaBABB,,2,False,Z^1,False,<>,False,,,,,
aabaBaaBBab,,2,False,Z^1,False,<>,False,,,,,
aabaBaaBBAb,,2,False,Z^1,False,<>,False,,,,,
aabaBaaBBAB,,2,False,Z^1,False,<>,False,,,,,
aabaBabaaBB,,2,False,Z^1,False,<>,False,,,,,
aabaBabbaBB,,2,False,Z^1+Z/5Z,False,<>,False,,,,,
aabaBabbAAb,,2,False,Z^1,False,<>,False,,,,,
aabaBabbAAB,,2,False,Z^1,False,<>,False,,,,,
aabaBabbABB,,2,False,Z^1+Z/3Z,False,<>,False,,,,,
aabaBabAAbb,,2,False,Z^1,False,<>,False,,,,,
aabaBabAABB,,2,False,Z^1,False,<>,False,,,,,
aabaBaBaabb,,2,False,Z^1,False,<>,False,,,,,
aabaBaBAAbb,,2,False,Z^1,False,<>,False,,,,,
aabaBaBAABB,,2,False,Z^1,False,<>,False,,,,,
aabaBaBBabb,,2,False,Z^1+Z/5Z,False,<>,False,,,,,
aabaBaBBAbb,,2,False,Z^1+Z/3Z,False,<>,False,,,,,
aabaBaBBAAb,,2,False,Z^1,False,<>,False,,,,,
aabaBaBBAAB,,2,False,Z^1,False,<>,False,,,,,
aabaBAbaaBB,,2,False,Z^1,False,<>,False,,,,,
aabaBAbbaBB,,2,False,Z^1+Z/3Z,False,<>,False,,,,,
aabaBAbbAAb,,2,False,Z^1+Z/3Z,False,<>,False,,,,,
aabaBAbbAAB,,2,False,Z^1,False,<>,False,,,,,
aabaBAbbABB,,2,False,Z^1,False,<>,False,,,,,
aabaBAbAAbb,,2,False,Z^1+Z/3Z,False,<>,False,,,,,
aabaBAbAABB,,2,False,Z^1,False,<>,False,,,,,
aabaBAAbaBB,,2,False,Z^1,False,<>,False,,,,,
aabaBAAbbaB,,2,False,Z^1,False,<>,False,,,,,
aabaBAAbbAb,,2,False,Z^1+Z/3Z,False,<>,False,,,,,
aabaBAAbbAB,,2,False,Z^1,False,<>,False,,,,,
aabaBAAbABB,,2,False,Z^1,False,<>,False,,,,,
aabaBAABaBB,,2,False,Z^1,False,<>,False,,,,,
aabaBABaaBB,,2,False,Z^1,False,<>,False,,,,,
aabaBBaabAb,,2,False,Z^1,False,<>,False,,,,,
aabaBBaabAB,,2,False,Z^1,False,<>,False,,,,,
aabaBBaaBAb,,2,False,Z^1,False,<>,False,,,,,
aabaBBaaBAB,,2,False,Z^1,False,<>,False,,,,,
aabaBBabaBB,,2,False,Z^1,False,<>,False,,,,,
aabaBBabbaB,,2,False,Z^1+Z/5Z,False,<>,False,,,,,
aabaBBabbAb,,2,False,Z^1,False,<>,False,,,,,
aabaBBabbAB,,2,False,Z^1+Z/3Z,False,<>,False,,,,,
aabaBBabAbb,,2,False,Z^1,False,<>,False,,,,,
aabaBBabAAb,,2,False,Z^1,False,<>,False,,,,,
aabaBBabAAB,,2,False,Z^1,False,<>,False,,,,,
aabaBBabABB,,2,False,Z^1,False,<>,False,,,,,
aabaBBaBAAb,,2,False,Z^1,False,<>,False,,,,,
aabaBBAbaBB,,2,False,Z^1,False,<>,False,,,,,
aabaBBAbbaB,,2,False,Z^1+Z/3Z,False,<>,False,,,,,
aabaBBAbbAB,,2,False,Z^1,False,<>,False,,,,,
aabaBBAbAbb,,2,False,Z^1,False,<>,False,,,,,
aabaBBAbAAb,,2,False,Z^1,False,<>,False,,,,,
aabaBBAbAAB,,2,False,Z^1,False,<>,False,,,,,
aabaBBAbABB,,2,False,Z^1,False,<>,False,,,,,
aabaBBAAbaB,,2,False,Z^1,False,<>,False,,,,,
aabaBBAABaB,,2,False,Z^1,False,<>,False,,,,,
aabbaabbaBB,,2,False,Z^1,False,<>,False,,,,,
aabbaabbAAb,,2,False,Z^1,False,<>,False,,,,,
aabbaabbAAB,,2,False,Z^1,False,<>,False,,,,,
aabbaabbABB,,2,False,Z^1,False,<>,False,,,,,
aabbaabAbaB,,2,False,Z^1,False,<>,False,,,,,
aabbaabAbAb,,2,False,Z^1,False,<>,True,,,,,
aabbaabAbAB,,2,False,Z^1,False,<>,False,,,,,
aabbaabAABB,,2,False,Z^1,False,<>,False,,,,,
aabbaabABaB,,2,False,Z^1,False,<>,False,,,,,
aabbaaBAbaB,,2,False,Z^1,False,<>,False,,,,,
aabbaaBAbAb,,2,False,Z^1,False,<>,False,,,,,
aabbaaBAbAB,,2,False,Z^1,False,<>,False,,,,,
aabbaaBAABB,,2,False,Z^1,False,<>,False,,,,,
aabbaaBABaB,,2,False,Z^1,False,<>,False,,,,,
aabbaaBBAAb,,2,False,Z^1,False,<>,False,,,,,
aabbaaBBAAB,,2,False,Z^1,False,<>,False,,,,,
aabbaBaabAb,,2,False,Z^1,False,<>,False,,,,,
aabbaBaabAB,,2,False,Z^1,False,<>,False,,,,,
aabbaBaaBAb,,2,False,Z^1,False,<>,False,,,,,
aabbaBaaBAB,,2,False,Z^1,False,<>,False,,,,,
aabbaBabaBB,,2,False,Z^1+Z/5Z,False,<>,False,,,,,
aabbaBabbaB,,2,False,Z^1,False,<>,False,,,,,
aabbaBabbAB,,2,False,Z^1,False,<>,False,,,,,
aabbaBabAAb,,2,False,Z^1,False,<>,False,,,,,
aabbaBabAAB,,2,False,Z^1,False,<>,False,,,,,
aabbaBabABB,,2,False,Z^1+Z/3Z,False,<>,False,,,,,
aabbaBaBAAb,,2,False,Z^1,False,<>,False,,,,,
aabbaBaBAAB,,2,False,Z^1,False,<>,False,,,,,
aabbaBaBABB,,2,False,Z^1,False,<>,False,,,,,
aabbaBaBBab,,2,False,Z^1+Z/5Z,False,<>,False,,,,,
aabbaBaBBAb,,2,False,Z^1+Z/3Z,False,<>,False,,,,,
aabbaBAbaBB,,2,False,Z^1+Z/3Z,False,<>,False,,,,,
aabbaBAbbaB,,2,False,Z^1,False,<>,False,,,,,
aabbaBAbbAB,,2,False,Z^1,False,<>,False,,,,,
aabbaBAbAAb,,2,False,Z^1+Z/3Z,False,<>,False,,,,,
aabbaBAbAAB,,2,False,Z^1,False,<>,False,,,,,
aabbaBAbABB,,2,False,Z^1,False,<>,False,,,,,
aabbaBAAbaB,,2,False,Z^1,False,<>,False,,,,,
aabbaBAABaB,,2,False,Z^1,False,<>,False,,,,,
aabbaBABaBB,,2,False,Z^1,False,<>,False,,,,,
aabbaBBabaB,,2,False,Z^1+Z/5Z,False,<>,False,,,,,
aabbaBBabAb,,2,False,Z^1,False,<>,False,,,,,
aabbaBBabAB,,2,False,Z^1+Z/3Z,False,<>,False,,,,,
aabbaBBAbaB,,2,False,Z^1+Z/3Z,False,<>,False,,,,,
aabbaBBAbAb,,2,False,Z^1,False,<>,False,,,,,
aabbaBBAbAB,,2,False,Z^1,False,<>,False,,,,,
aabbAABabaB,,2,False,Z^1,False,<>,False,,,,,
aabbAABabAb,,2,False,Z^1+Z/3Z,False,<>,False,,,,,
aabbAABabAB,,2,False,Z^1,False,<>,False,,,,,
aabbAABaBab,,2,False,Z^1,False,<>,False,,,,,
aabbAABaBAb,,2,False,Z^1,False,<>,False,,,,,
aabbAABaBAB,,2,False,Z^1,False,<>,False,,,,,
aabbABaabAb,,2,False,Z^1,False,<>,False,,,,,
aabbABaabAB,,2,False,Z^1,False,<>,False,,,,,
aabbABaaBAb,,2,False,Z^1,False,<>,False,,,,,
aabbABaaBAB,,2,False,Z^1,False,<>,False,,,,,
aabbABabbaB,,2,False,Z^1,False,<>,False,,,,,
aabbABabbAB,,2,False,Z^1,False,<>,False,,,,,
aabbABabAAb,,2,False,Z^1+Z/3Z,False,<>,False,,,,,
aabbABabAAB,,2,False,Z^1,False,<>,False,,,,,
aabbABaBAAb,,2,False,Z^1,False,<>,False,,,,,
aabbABaBAAB,,2,False,Z^1,False,<>,False,,,,,
aabbABaBBab,,2,False,Z^1+Z/3Z,False,<>,False,,,,,
aabbABaBBAb,,2,False,Z^1,False,<>,False,,,,,
aabbABAbbaB,,2,False,Z^1,False,<>,False,,,,,
aabbABAbbAB,,2,False,Z^1,False,<>,False,,,,,
aabbABAbAAb,,2,False,Z^1,False,<>,False,,,,,
aabbABAbAAB,,2,False,Z^1,False,<>,False,,,,,
aabbABAAbaB,,2,False,Z^1,False,<>,False,,,,,
aabbABAABaB,,2,False,Z^1,False,<>,False,,,,,
aabbABBabaB,,2,False,Z^1+Z/3Z,False,<>,False,,,,,
aabbABBabAb,,2,False,Z^1,False,<>,False,,,,,
aabbABBabAB,,2,False,Z^1,False,<>,False,,,,,
aabbABBAbaB,,2,False,Z^1,False,<>,False,,,,,
aabbABBAbAb,,2,False,Z^1,False,<>,False,,,,,
aabbABBAbAB,,2,False,Z^1,False,<>,False,,,,,
aabAbbaBAAb,,2,False,Z^1+Z/3Z,False,<>,False,,,,,
aabAbbaBAAB,,2,False,Z^1,False,<>,False,,,,,
aabAbbaBBab,,2,False,Z^1,False,<>,False,,,,,
aabAbbaBBAb,,2,False,Z^1,False,<>,False,,,,,
aabAbbABAAB,,2,False,Z^1,False,<>,False,,,,,
aabAbbABBAb,,2,False,Z^1,False,<>,False,,,,,
aabAAbaBBAb,,2,False,Z^1,False,<>,False,,,,,
aabAABaabAB,,2,False,Z^1,False,<>,Unknown,,,,,
aabAABabbAB,,2,False,Z^1,False,<>,False,,,,,
